/*
 * Copyright (c) 2020-2030 ZHENGGENGWEI(码匠君)<herodotus@aliyun.com>
 *
 * Dante Cloud licensed under the Apache License, Version 2.0 (the "License");
 * you may not use this file except in compliance with the License.
 * You may obtain a copy of the License at
 *
 * http://www.apache.org/licenses/LICENSE-2.0
 *
 * Unless required by applicable law or agreed to in writing, software
 * distributed under the License is distributed on an "AS IS" BASIS,
 * WITHOUT WARRANTIES OR CONDITIONS OF ANY KIND, either express or implied.
 * See the License for the specific language governing permissions and
 * limitations under the License.
 *
 * Dante Cloud 采用APACHE LICENSE 2.0开源协议，您在使用过程中，需要注意以下几点：
 *
 * 1.请不要删除和修改根目录下的LICENSE文件。
 * 2.请不要删除和修改 Dante Cloud 源码头部的版权声明。
 * 3.请保留源码和相关描述文件的项目出处，作者声明等。
 * 4.分发源码时候，请注明软件出处 https://gitee.com/dromara/dante-cloud
 * 5.在修改包名，模块名称，项目代码等时，请注明软件出处 https://gitee.com/dromara/dante-cloud
 * 6.若您的项目无法满足以上几点，可申请商业授权
 */

-- ----------------------------
-- Table data for oauth2_application
-- ----------------------------
INSERT INTO `oauth2_application` (`application_id`, `create_time`, `ranking`, `update_time`, `description`, `is_reserved`, `reversion`, `status`, `abbreviation`, `access_token_format`, `access_token_validity`, `application_name`, `application_type`, `signing_algorithm`, `authorization_grant_types`, `client_authentication_methods`, `client_id`, `client_secret`, `client_secret_expires_at`, `homepage`, `signature_algorithm`, `jwk_set_url`, `logo`, `redirect_uris`, `refresh_token_validity`, `require_authorization_consent`, `require_proof_key`, `reuse_refresh_tokens`) VALUES ('422baa83-505c-436f-87b5-2a599e6d2d28', '2022-04-02 16:26:26.26', 0, '2022-04-02 16:26:26.26', NULL, b'1', 0, 0, 'Dante Cloud UI（PKCE）', 1, 7200000000000, '业务中台管理系统（PKCE）', 0, NULL, 'refresh_token,password,client_credentials,authorization_code,social_credentials', 'client_secret_post,client_secret_basic', '67601992f3574c75809a3d79888bf16e', '3e62c1f9678a4dba81b31ad9f6ab8940', NULL, NULL, 0, NULL, NULL, 'http://192.168.101.10:8847/dante-cloud-upms/open/authorized', 864000000000000, b'1', b'1', b'1');
INSERT INTO `oauth2_application` (`application_id`, `create_time`, `ranking`, `update_time`, `description`, `is_reserved`, `reversion`, `status`, `abbreviation`, `access_token_format`, `access_token_validity`, `application_name`, `application_type`, `signing_algorithm`, `authorization_grant_types`, `client_authentication_methods`, `client_id`, `client_secret`, `client_secret_expires_at`, `homepage`, `signature_algorithm`, `jwk_set_url`, `logo`, `redirect_uris`, `refresh_token_validity`, `require_authorization_consent`, `require_proof_key`, `reuse_refresh_tokens`) VALUES ('dfe3e7bc-22e9-443f-a874-947494e20174', '2022-03-18 18:51:00.191', 1, '2022-04-02 16:27:04.052', NULL, b'1', 0, 0, 'Dante Cloud UI', 1, 7200000000000, '业务中台管理系统', 0, 0, 'refresh_token,password,client_credentials,authorization_code,social_credentials', 'client_secret_post,client_secret_basic', '14a9cf797931430896ad13a6b1855611', 'a05fe1fc50ed42a4990c6c6fc4bec398', '2023-12-31 00:00:00', NULL, 0, NULL, NULL, 'http://192.168.101.10:8847/dante-cloud-upms/open/authorized', 86400000000000, b'1', b'0', b'1');

-- ----------------------------
-- Table data for oauth2_registered_client
-- ----------------------------
INSERT INTO `oauth2_registered_client` (`id`, `authorization_grant_types`, `client_authentication_methods`, `client_id`, `client_id_issued_at`, `client_name`, `client_secret`, `client_secret_expires_at`, `client_settings`, `redirect_uris`, `scopes`, `token_settings`) VALUES ('422baa83-505c-436f-87b5-2a599e6d2d28', 'refresh_token,password,client_credentials,authorization_code,social_credentials', 'client_secret_post,client_secret_basic', '67601992f3574c75809a3d79888bf16e', '2022-04-02 16:26:26.776', '422baa83-505c-436f-87b5-2a599e6d2d28', '{bcrypt}$2a$10$G78qeNTKc3jIpMfrMvLaNe6uy3tVI3pUOkJxku3XIKV3GeVY.HYtG', NULL, '{"@class":"java.util.Collections$UnmodifiableMap","settings.client.require-proof-key":true,"settings.client.require-authorization-consent":true}', 'http://192.168.101.10:8847/dante-cloud-upms/open/authorized', 'read-user-by-page,openid', '{"@class":"java.util.Collections$UnmodifiableMap","settings.token.reuse-refresh-tokens":true,"settings.token.id-token-signature-algorithm":["org.springframework.security.oauth2.jose.jws.SignatureAlgorithm","RS256"],"settings.token.access-token-time-to-live":["java.time.Duration",7200.000000000],"settings.token.access-token-format":{"@class":"org.springframework.security.oauth2.server.authorization.settings.OAuth2TokenFormat","value":"reference"},"settings.token.refresh-token-time-to-live":["java.time.Duration",864000.000000000],"settings.token.authorization-code-time-to-live":["java.time.Duration",300.000000000]}');
INSERT INTO `oauth2_registered_client` (`id`, `authorization_grant_types`, `client_authentication_methods`, `client_id`, `client_id_issued_at`, `client_name`, `client_secret`, `client_secret_expires_at`, `client_settings`, `redirect_uris`, `scopes`, `token_settings`) VALUES ('dfe3e7bc-22e9-443f-a874-947494e20174', 'refresh_token,password,client_credentials,authorization_code,social_credentials', 'client_secret_post,client_secret_basic', '14a9cf797931430896ad13a6b1855611', '2022-03-18 18:51:00.373', 'dfe3e7bc-22e9-443f-a874-947494e20174', '{bcrypt}$2a$10$yMB9ze2Ny2xMa/xHSFX4H.DQkYH5gbZNRXFaPdv.MIhBbWPntZ382', '2023-12-31 00:00:00', '{"@class":"java.util.Collections$UnmodifiableMap","settings.client.require-authorization-consent":true,"settings.client.token-endpoint-authentication-signing-algorithm":["org.springframework.security.oauth2.jose.jws.SignatureAlgorithm","RS256"],"settings.client.require-proof-key":false}', 'http://192.168.101.10:8847/dante-cloud-upms/open/authorized', 'read-user-by-page,openid', '{"@class":"java.util.Collections$UnmodifiableMap","settings.token.reuse-refresh-tokens":true,"settings.token.id-token-signature-algorithm":["org.springframework.security.oauth2.jose.jws.SignatureAlgorithm","RS256"],"settings.token.access-token-time-to-live":["java.time.Duration",7200.000000000],"settings.token.access-token-format":{"@class":"org.springframework.security.oauth2.server.authorization.settings.OAuth2TokenFormat","value":"reference"},"settings.token.refresh-token-time-to-live":["java.time.Duration",86400.000000000],"settings.token.authorization-code-time-to-live":["java.time.Duration",300.000000000]}');

-- ----------------------------
-- Table data for oauth2_scope
-- ----------------------------
INSERT INTO `oauth2_scope` (`scope_id`, `create_time`, `ranking`, `update_time`, `description`, `is_reserved`, `reversion`, `status`, `scope_code`, `scope_name`) VALUES ('bd344a2e-47d6-4b45-b77f-50ca8623f09f', '2022-03-24 11:58:19.517', 1, '2022-03-24 11:58:19.517', NULL, b'1', 0, 0, 'openid', 'OIDC OpenId');
INSERT INTO `oauth2_scope` (`scope_id`, `create_time`, `ranking`, `update_time`, `description`, `is_reserved`, `reversion`, `status`, `scope_code`, `scope_name`) VALUES ('bfc6105d9f0285e9550ef7aade04a2d3', '2022-04-01 22:07:23', 2, '2022-04-01 22:07:28', NULL, b'1', 0, 0, 'read-user-by-page', '获取用户信息');
INSERT INTO `oauth2_scope` (`scope_id`, `create_time`, `ranking`, `update_time`, `description`, `is_reserved`, `reversion`, `status`, `scope_code`, `scope_name`) VALUES ('725e5456-25fa-4d47-a8fc-eaff5770200e', '2022-11-26 16:46:04.778', 0, '2022-11-26 16:46:04', '客户端创建', b'1', 0, 0, 'client.create', 'OIDC Client Registration');
INSERT INTO `oauth2_scope` (`scope_id`, `create_time`, `ranking`, `update_time`, `description`, `is_reserved`, `reversion`, `status`, `scope_code`, `scope_name`) VALUES ('3b959f84-67ca-434c-907f-db1ab5456ffe', '2022-11-26 22:10:11.867', 0, '2022-11-26 22:10:11.867', '客户端信息读取', b'1', 0, 0, 'client.read', 'OIDC Client Read');

-- ----------------------------
-- Table data for oauth2_authority
-- ----------------------------
INSERT INTO `oauth2_authority` (`authority_id`, `create_time`, `ranking`, `update_time`, `description`, `is_reserved`, `reversion`, `status`, `authority_code`, `request_method`, `service_id`, `url`) VALUES ('79dd7faa3a18616ce32fa450ba32eedd', '2022-04-01 22:10:19', NULL, '2022-04-01 22:10:22', NULL, NULL, 0, 0, 'OP_835620758', 'GET', 'dante-cloud-upms', '/user');

-- ----------------------------
-- Table data for oauth2_application_scope
-- ----------------------------
INSERT INTO `oauth2_application_scope` (`application_id`, `scope_id`) VALUES ('dfe3e7bc-22e9-443f-a874-947494e20174', 'bfc6105d9f0285e9550ef7aade04a2d3');
INSERT INTO `oauth2_application_scope` (`application_id`, `scope_id`) VALUES ('dfe3e7bc-22e9-443f-a874-947494e20174', 'bd344a2e-47d6-4b45-b77f-50ca8623f09f');
INSERT INTO `oauth2_application_scope` (`application_id`, `scope_id`) VALUES ('422baa83-505c-436f-87b5-2a599e6d2d28', 'bfc6105d9f0285e9550ef7aade04a2d3');
INSERT INTO `oauth2_application_scope` (`application_id`, `scope_id`) VALUES ('422baa83-505c-436f-87b5-2a599e6d2d28', 'bd344a2e-47d6-4b45-b77f-50ca8623f09f');
INSERT INTO `oauth2_application_scope` (`application_id`, `scope_id`) VALUES ('dfe3e7bc-22e9-443f-a874-947494e20174', '725e5456-25fa-4d47-a8fc-eaff5770200e');
INSERT INTO `oauth2_application_scope` (`application_id`, `scope_id`) VALUES ('dfe3e7bc-22e9-443f-a874-947494e20174', '3b959f84-67ca-434c-907f-db1ab5456ffe');

-- ----------------------------
-- Table data for oauth2_scope_authority
-- ----------------------------
INSERT INTO `oauth2_scope_authority` (`scope_id`, `authority_id`) VALUES ('bfc6105d9f0285e9550ef7aade04a2d3', '79dd7faa3a18616ce32fa450ba32eedd');

-- ----------------------------
-- Table data for sys_user
-- ----------------------------
INSERT INTO `sys_user` (`user_id`, `create_time`, `ranking`, `update_time`, `description`, `is_reserved`, `reversion`, `status`, `avatar`, `email`, `nick_name`, `password`, `phone_number`, `user_name`, `account_expire_at`, `credentials_expire_at`) VALUES ('1', '2019-07-23 07:19:50', 1, '2019-07-23 07:19:52', '平台管理员', b'1', NULL, 0, NULL, NULL, 'Hades', '{bcrypt}$2a$10$q4t3wbkoCVAtCMwVsVFjveLF7O6QScD2/vmqgGbdPuZRw0U1.blhq', NULL, 'system', NULL, NULL);
INSERT INTO `sys_user` (`user_id`, `create_time`, `ranking`, `update_time`, `description`, `is_reserved`, `reversion`, `status`, `avatar`, `email`, `nick_name`, `password`, `phone_number`, `user_name`, `account_expire_at`, `credentials_expire_at`) VALUES ('33e781c5-31e0-4ea4-8b02-1236bde96436', '2022-06-24 15:55:15.586', 0, '2022-06-24 15:55:15.586', NULL, b'0', 0, 0, NULL, NULL, 'test', '{bcrypt}$2a$10$q4t3wbkoCVAtCMwVsVFjveLF7O6QScD2/vmqgGbdPuZRw0U1.blhq', NULL, 'test', NULL, NULL);

-- ----------------------------
-- Table data for sys_role
-- ----------------------------
INSERT INTO `sys_role` (`role_id`, `create_time`, `ranking`, `update_time`, `description`, `is_reserved`, `reversion`, `status`, `role_code`, `role_name`) VALUES ('1', '2019-07-23 07:22:27', 1, '2019-09-11 12:04:52', '中台管理员角色', b'1', 0, 0, 'ROLE_ADMINISTRATOR', '平台管理员角色');
INSERT INTO `sys_role` (`role_id`, `create_time`, `ranking`, `update_time`, `description`, `is_reserved`, `reversion`, `status`, `role_code`, `role_name`) VALUES ('7e43d37d-d045-445f-a1de-cb1259f7709c', '2022-07-18 20:27:46.536', 0, '2022-07-18 20:27:46.536', '人力资源管理角色', b'1', 0, 0, 'ROLE_HUMAN_RESOURCES', '人力资源管理');

-- ----------------------------
-- Table data for sys_user_role
-- ----------------------------
INSERT INTO `sys_user_role` (`user_id`, `role_id`) VALUES ('1', '1');
INSERT INTO `sys_user_role` (`user_id`, `role_id`) VALUES ('33e781c5-31e0-4ea4-8b02-1236bde96436', '7e43d37d-d045-445f-a1de-cb1259f7709c');

-- ----------------------------
-- Table data for sys_default_role
-- ----------------------------
INSERT INTO `sys_default_role` (`default_id`, `create_time`, `ranking`, `update_time`, `description`, `is_reserved`, `reversion`, `status`, `scene`, `role_id`) VALUES ('1', '2021-10-12 09:45:33', 1, '2021-10-12 09:45:38', '机构人员', b'1', 0, 0, 'INSTITUTION', '1');
INSERT INTO `sys_default_role` (`default_id`, `create_time`, `ranking`, `update_time`, `description`, `is_reserved`, `reversion`, `status`, `scene`, `role_id`) VALUES ('2', '2021-10-12 09:45:33', 1, '2021-10-12 09:45:38', '手机验证码', b'1', 0, 0, 'SMS', '1');
INSERT INTO `sys_default_role` (`default_id`, `create_time`, `ranking`, `update_time`, `description`, `is_reserved`, `reversion`, `status`, `scene`, `role_id`) VALUES ('3', '2021-10-12 09:45:33', 1, '2021-10-12 09:45:38', '微信小程序', b'1', 0, 0, 'WXAPP', '1');
INSERT INTO `sys_default_role` (`default_id`, `create_time`, `ranking`, `update_time`, `description`, `is_reserved`, `reversion`, `status`, `scene`, `role_id`) VALUES ('4', '2021-10-12 09:45:33', 1, '2021-10-12 09:45:38', 'QQ', b'1', 0, 0, 'QQ', '1');
INSERT INTO `sys_default_role` (`default_id`, `create_time`, `ranking`, `update_time`, `description`, `is_reserved`, `reversion`, `status`, `scene`, `role_id`) VALUES ('5', '2021-10-12 09:45:33', 1, '2021-10-12 09:45:38', '微博', b'1', 0, 0, 'WEIBO', '1');
INSERT INTO `sys_default_role` (`default_id`, `create_time`, `ranking`, `update_time`, `description`, `is_reserved`, `reversion`, `status`, `scene`, `role_id`) VALUES ('6', '2021-10-12 09:45:33', 1, '2021-10-12 09:45:38', '百度', b'1', 0, 0, 'BAIDU', '1');
INSERT INTO `sys_default_role` (`default_id`, `create_time`, `ranking`, `update_time`, `description`, `is_reserved`, `reversion`, `status`, `scene`, `role_id`) VALUES ('7', '2021-10-12 09:45:33', 1, '2021-10-12 09:45:38', '微信开放平台', b'1', 0, 0, 'WECHAT_OPEN', '1');
INSERT INTO `sys_default_role` (`default_id`, `create_time`, `ranking`, `update_time`, `description`, `is_reserved`, `reversion`, `status`, `scene`, `role_id`) VALUES ('8', '2021-10-12 09:45:33', 1, '2021-10-12 09:45:38', '微信公众号', b'1', 0, 0, 'WECHAT_MP', '1');
INSERT INTO `sys_default_role` (`default_id`, `create_time`, `ranking`, `update_time`, `description`, `is_reserved`, `reversion`, `status`, `scene`, `role_id`) VALUES ('9', '2021-10-12 09:45:33', 1, '2021-10-12 09:45:38', '企业微信二维码', b'1', 0, 0, 'WECHAT_ENTERPRISE', '1');
INSERT INTO `sys_default_role` (`default_id`, `create_time`, `ranking`, `update_time`, `description`, `is_reserved`, `reversion`, `status`, `scene`, `role_id`) VALUES ('10', '2021-10-12 09:45:33', 1, '2021-10-12 09:45:38', '企业微信网页', b'1', 0, 0, 'WECHAT_ENTERPRISE_WEB', '1');
INSERT INTO `sys_default_role` (`default_id`, `create_time`, `ranking`, `update_time`, `description`, `is_reserved`, `reversion`, `status`, `scene`, `role_id`) VALUES ('11', '2021-10-12 09:45:33', 1, '2021-10-12 09:45:38', '钉钉', b'1', 0, 0, 'DINGTALK', '1');
INSERT INTO `sys_default_role` (`default_id`, `create_time`, `ranking`, `update_time`, `description`, `is_reserved`, `reversion`, `status`, `scene`, `role_id`) VALUES ('12', '2021-10-12 09:45:33', 1, '2021-10-12 09:45:38', '钉钉账号', b'1', 0, 0, 'DINGTALK_ACCOUNT', '1');
INSERT INTO `sys_default_role` (`default_id`, `create_time`, `ranking`, `update_time`, `description`, `is_reserved`, `reversion`, `status`, `scene`, `role_id`) VALUES ('13', '2021-10-12 09:45:33', 1, '2021-10-12 09:45:38', '阿里云', b'1', 0, 0, 'ALIYUN', '1');
INSERT INTO `sys_default_role` (`default_id`, `create_time`, `ranking`, `update_time`, `description`, `is_reserved`, `reversion`, `status`, `scene`, `role_id`) VALUES ('14', '2021-10-12 09:45:33', 1, '2021-10-12 09:45:38', '淘宝', b'1', 0, 0, 'TAOBAO', '1');
INSERT INTO `sys_default_role` (`default_id`, `create_time`, `ranking`, `update_time`, `description`, `is_reserved`, `reversion`, `status`, `scene`, `role_id`) VALUES ('15', '2021-10-12 09:45:33', 1, '2021-10-12 09:45:38', '支付宝', b'1', 0, 0, 'ALIPAY', '1');
INSERT INTO `sys_default_role` (`default_id`, `create_time`, `ranking`, `update_time`, `description`, `is_reserved`, `reversion`, `status`, `scene`, `role_id`) VALUES ('16', '2021-10-12 09:45:33', 1, '2021-10-12 09:45:38', 'Teambition', b'1', 0, 0, 'TEAMBITION', '1');
INSERT INTO `sys_default_role` (`default_id`, `create_time`, `ranking`, `update_time`, `description`, `is_reserved`, `reversion`, `status`, `scene`, `role_id`) VALUES ('17', '2021-10-12 09:45:33', 1, '2021-10-12 09:45:38', '华为', b'1', 0, 0, 'HUAWEI', '1');
INSERT INTO `sys_default_role` (`default_id`, `create_time`, `ranking`, `update_time`, `description`, `is_reserved`, `reversion`, `status`, `scene`, `role_id`) VALUES ('18', '2021-10-12 09:45:33', 1, '2021-10-12 09:45:38', '飞书', b'1', 0, 0, 'FEISHU', '1');
INSERT INTO `sys_default_role` (`default_id`, `create_time`, `ranking`, `update_time`, `description`, `is_reserved`, `reversion`, `status`, `scene`, `role_id`) VALUES ('19', '2021-10-12 09:45:33', 1, '2021-10-12 09:45:38', '京东', b'1', 0, 0, 'JD', '1');
INSERT INTO `sys_default_role` (`default_id`, `create_time`, `ranking`, `update_time`, `description`, `is_reserved`, `reversion`, `status`, `scene`, `role_id`) VALUES ('20', '2021-10-12 09:45:33', 1, '2021-10-12 09:45:38', '抖音', b'1', 0, 0, 'DOUYIN', '1');
INSERT INTO `sys_default_role` (`default_id`, `create_time`, `ranking`, `update_time`, `description`, `is_reserved`, `reversion`, `status`, `scene`, `role_id`) VALUES ('21', '2021-10-12 09:45:33', 1, '2021-10-12 09:45:38', '今日头条', b'1', 0, 0, 'TOUTIAO', '1');
INSERT INTO `sys_default_role` (`default_id`, `create_time`, `ranking`, `update_time`, `description`, `is_reserved`, `reversion`, `status`, `scene`, `role_id`) VALUES ('22', '2021-10-12 09:45:33', 1, '2021-10-12 09:45:38', '小米', b'1', 0, 0, 'MI', '1');
INSERT INTO `sys_default_role` (`default_id`, `create_time`, `ranking`, `update_time`, `description`, `is_reserved`, `reversion`, `status`, `scene`, `role_id`) VALUES ('23', '2021-10-12 09:45:33', 1, '2021-10-12 09:45:38', '人人', b'1', 0, 0, 'RENREN', '1');
INSERT INTO `sys_default_role` (`default_id`, `create_time`, `ranking`, `update_time`, `description`, `is_reserved`, `reversion`, `status`, `scene`, `role_id`) VALUES ('24', '2021-10-12 09:45:33', 1, '2021-10-12 09:45:38', '美团', b'1', 0, 0, 'MEITUAN', '1');
INSERT INTO `sys_default_role` (`default_id`, `create_time`, `ranking`, `update_time`, `description`, `is_reserved`, `reversion`, `status`, `scene`, `role_id`) VALUES ('25', '2021-10-12 09:45:33', 1, '2021-10-12 09:45:38', '饿了么', b'1', 0, 0, 'ELEME', '1');
INSERT INTO `sys_default_role` (`default_id`, `create_time`, `ranking`, `update_time`, `description`, `is_reserved`, `reversion`, `status`, `scene`, `role_id`) VALUES ('26', '2021-10-12 09:45:33', 1, '2021-10-12 09:45:38', '酷家乐', b'1', 0, 0, 'KUJIALE', '1');
INSERT INTO `sys_default_role` (`default_id`, `create_time`, `ranking`, `update_time`, `description`, `is_reserved`, `reversion`, `status`, `scene`, `role_id`) VALUES ('27', '2021-10-12 09:45:33', 1, '2021-10-12 09:45:38', '喜马拉雅', b'1', 0, 0, 'XMLY', '1');
INSERT INTO `sys_default_role` (`default_id`, `create_time`, `ranking`, `update_time`, `description`, `is_reserved`, `reversion`, `status`, `scene`, `role_id`) VALUES ('28', '2021-10-12 09:45:33', 1, '2021-10-12 09:45:38', '码云', b'1', 0, 0, 'GITEE', '1');
INSERT INTO `sys_default_role` (`default_id`, `create_time`, `ranking`, `update_time`, `description`, `is_reserved`, `reversion`, `status`, `scene`, `role_id`) VALUES ('29', '2021-10-12 09:45:33', 1, '2021-10-12 09:45:38', '开源中国', b'1', 0, 0, 'OSCHINA', '1');
INSERT INTO `sys_default_role` (`default_id`, `create_time`, `ranking`, `update_time`, `description`, `is_reserved`, `reversion`, `status`, `scene`, `role_id`) VALUES ('30', '2021-10-12 09:45:33', 1, '2021-10-12 09:45:38', 'CSDN', b'1', 0, 0, 'CSDN', '1');
INSERT INTO `sys_default_role` (`default_id`, `create_time`, `ranking`, `update_time`, `description`, `is_reserved`, `reversion`, `status`, `scene`, `role_id`) VALUES ('31', '2021-10-12 09:45:33', 1, '2021-10-12 09:45:38', 'Github', b'1', 0, 0, 'GITHUB', '1');
INSERT INTO `sys_default_role` (`default_id`, `create_time`, `ranking`, `update_time`, `description`, `is_reserved`, `reversion`, `status`, `scene`, `role_id`) VALUES ('32', '2021-10-12 09:45:33', 1, '2021-10-12 09:45:38', 'Gitlab', b'1', 0, 0, 'GITLAB', '1');
INSERT INTO `sys_default_role` (`default_id`, `create_time`, `ranking`, `update_time`, `description`, `is_reserved`, `reversion`, `status`, `scene`, `role_id`) VALUES ('33', '2021-10-12 09:45:33', 1, '2021-10-12 09:45:38', 'Stackoverflow', b'1', 0, 0, 'STACK_OVERFLOW', '1');
INSERT INTO `sys_default_role` (`default_id`, `create_time`, `ranking`, `update_time`, `description`, `is_reserved`, `reversion`, `status`, `scene`, `role_id`) VALUES ('34', '2021-10-12 09:45:33', 1, '2021-10-12 09:45:38', 'Coding', b'1', 0, 0, 'CODING', '1');
INSERT INTO `sys_default_role` (`default_id`, `create_time`, `ranking`, `update_time`, `description`, `is_reserved`, `reversion`, `status`, `scene`, `role_id`) VALUES ('35', '2021-10-12 09:45:33', 1, '2021-10-12 09:45:38', '谷歌', b'1', 0, 0, 'GOOGLE', '1');
INSERT INTO `sys_default_role` (`default_id`, `create_time`, `ranking`, `update_time`, `description`, `is_reserved`, `reversion`, `status`, `scene`, `role_id`) VALUES ('36', '2021-10-12 09:45:33', 1, '2021-10-12 09:45:38', '微软', b'1', 0, 0, 'MICROSOFT', '1');
INSERT INTO `sys_default_role` (`default_id`, `create_time`, `ranking`, `update_time`, `description`, `is_reserved`, `reversion`, `status`, `scene`, `role_id`) VALUES ('37', '2021-10-12 09:45:33', 1, '2021-10-12 09:45:38', '脸书', b'1', 0, 0, 'FACEBOOK', '1');
INSERT INTO `sys_default_role` (`default_id`, `create_time`, `ranking`, `update_time`, `description`, `is_reserved`, `reversion`, `status`, `scene`, `role_id`) VALUES ('38', '2021-10-12 09:45:33', 1, '2021-10-12 09:45:38', '领英', b'1', 0, 0, 'LINKEDIN', '1');
INSERT INTO `sys_default_role` (`default_id`, `create_time`, `ranking`, `update_time`, `description`, `is_reserved`, `reversion`, `status`, `scene`, `role_id`) VALUES ('39', '2021-10-12 09:45:33', 1, '2021-10-12 09:45:38', '推特', b'1', 0, 0, 'TWITTER', '1');
INSERT INTO `sys_default_role` (`default_id`, `create_time`, `ranking`, `update_time`, `description`, `is_reserved`, `reversion`, `status`, `scene`, `role_id`) VALUES ('40', '2021-10-12 09:45:33', 1, '2021-10-12 09:45:38', '亚马逊', b'1', 0, 0, 'AMAZON', '1');
INSERT INTO `sys_default_role` (`default_id`, `create_time`, `ranking`, `update_time`, `description`, `is_reserved`, `reversion`, `status`, `scene`, `role_id`) VALUES ('41', '2021-10-12 09:45:33', 1, '2021-10-12 09:45:38', 'Slack', b'1', 0, 0, 'SLACK', '1');
INSERT INTO `sys_default_role` (`default_id`, `create_time`, `ranking`, `update_time`, `description`, `is_reserved`, `reversion`, `status`, `scene`, `role_id`) VALUES ('42', '2021-10-12 09:45:33', 1, '2021-10-12 09:45:38', 'Line', b'1', 0, 0, 'LINE', '1');
INSERT INTO `sys_default_role` (`default_id`, `create_time`, `ranking`, `update_time`, `description`, `is_reserved`, `reversion`, `status`, `scene`, `role_id`) VALUES ('43', '2021-10-12 09:45:33', 1, '2021-10-12 09:45:38', 'Okta', b'1', 0, 0, 'OKTA', '1');
INSERT INTO `sys_default_role` (`default_id`, `create_time`, `ranking`, `update_time`, `description`, `is_reserved`, `reversion`, `status`, `scene`, `role_id`) VALUES ('44', '2021-10-12 09:45:33', 1, '2021-10-12 09:45:38', 'Pinterest', b'1', 0, 0, 'PINTEREST', '1');

-- ----------------------------
-- Table data for sys_element
-- ----------------------------
INSERT INTO `sys_element` (`element_id`, `create_time`, `ranking`, `update_time`, `component`, `detail_content`, `have_child`, `hide_all_child`, `icon`, `ignore_auth`, `name`, `not_keep_alive`, `parent_id`, `path`, `title`, `type`, `description`, `is_reserved`, `reversion`, `status`, `redirect`) VALUES ('e6ee0720-adc1-4ccf-99c5-2974b3c5dd22', '2022-07-16 21:43:14.156', 3, '2022-07-16 21:43:14', 'views/layouts/Index.vue', b'0', b'1', b'0', 'mdi-lock-pattern', b'0', NULL, b'0', NULL, '/security', '用户安全管理', NULL, NULL, b'1', 0, 0, '/security/user');
INSERT INTO `sys_element` (`element_id`, `create_time`, `ranking`, `update_time`, `component`, `detail_content`, `have_child`, `hide_all_child`, `icon`, `ignore_auth`, `name`, `not_keep_alive`, `parent_id`, `path`, `title`, `type`, `description`, `is_reserved`, `reversion`, `status`, `redirect`) VALUES ('23b4367a-dd41-484b-9078-e07caf9d8ec0', '2022-07-16 22:26:37.924', 4, '2022-07-16 22:26:37.924', 'views/pages/security/default-role/Index.vue', b'0', b'1', b'1', 'mdi-lock-open-alert', b'0', 'SysDefaultRole', b'0', 'e6ee0720-adc1-4ccf-99c5-2974b3c5dd22', '/security/default-role', '默认角色', NULL, NULL, b'1', 0, 0, NULL);
INSERT INTO `sys_element` (`element_id`, `create_time`, `ranking`, `update_time`, `component`, `detail_content`, `have_child`, `hide_all_child`, `icon`, `ignore_auth`, `name`, `not_keep_alive`, `parent_id`, `path`, `title`, `type`, `description`, `is_reserved`, `reversion`, `status`, `redirect`) VALUES ('32b43adf-1db4-4ac9-b996-15cfee008489', '2022-07-16 22:34:37.542', 0, '2022-07-16 22:34:37', 'views/pages/security/attribute/Content.vue', b'1', b'0', b'0', 'mdi-layers', b'0', 'SysSecurityAttributeContent', b'0', '6de8f002-8e59-42a8-b201-3dba46aa6641', '/security/security-attribute/content', '权限配置', NULL, NULL, b'1', 0, 0, NULL);
INSERT INTO `sys_element` (`element_id`, `create_time`, `ranking`, `update_time`, `component`, `detail_content`, `have_child`, `hide_all_child`, `icon`, `ignore_auth`, `name`, `not_keep_alive`, `parent_id`, `path`, `title`, `type`, `description`, `is_reserved`, `reversion`, `status`, `redirect`) VALUES ('41ec5b56-32d7-4029-8218-9c9bac6faa16', '2022-07-16 22:49:43.981', 1, '2022-07-16 22:49:43', 'views/pages/authorize/application/Index.vue', b'0', b'1', b'1', 'mdi-apps', b'0', 'OAuth2Application', b'0', '2f2a5b9a-b7ac-438d-bcb0-f69b75bd009c', '/authorize/application', '应用管理', NULL, NULL, b'1', 0, 0, NULL);
INSERT INTO `sys_element` (`element_id`, `create_time`, `ranking`, `update_time`, `component`, `detail_content`, `have_child`, `hide_all_child`, `icon`, `ignore_auth`, `name`, `not_keep_alive`, `parent_id`, `path`, `title`, `type`, `description`, `is_reserved`, `reversion`, `status`, `redirect`) VALUES ('4ec4ed5e-d815-4318-937a-12d567957237', '2022-07-16 21:59:25.943', 1, '2022-07-16 21:59:25', 'views/pages/security/user/Index.vue', b'0', b'1', b'1', 'mdi-badge-account-horizontal', b'0', 'SysUser', b'0', 'e6ee0720-adc1-4ccf-99c5-2974b3c5dd22', '/security/user', '用户管理', NULL, NULL, b'1', 0, 0, NULL);
INSERT INTO `sys_element` (`element_id`, `create_time`, `ranking`, `update_time`, `component`, `detail_content`, `have_child`, `hide_all_child`, `icon`, `ignore_auth`, `name`, `not_keep_alive`, `parent_id`, `path`, `title`, `type`, `description`, `is_reserved`, `reversion`, `status`, `redirect`) VALUES ('9f064902-162a-408f-bd3e-866b03c9dae1', '2022-07-16 22:59:57.497', 0, '2022-07-16 22:59:57.497', 'views/dashboard/console/Index.vue', b'0', b'0', b'0', 'mdi-sign-text', b'0', 'DashboardConsole', b'0', 'c21db958-7eab-4dbc-8061-966294684219', '/dashboard/console', '主控台', NULL, NULL, b'1', 0, 0, NULL);
INSERT INTO `sys_element` (`element_id`, `create_time`, `ranking`, `update_time`, `component`, `detail_content`, `have_child`, `hide_all_child`, `icon`, `ignore_auth`, `name`, `not_keep_alive`, `parent_id`, `path`, `title`, `type`, `description`, `is_reserved`, `reversion`, `status`, `redirect`) VALUES ('19e8d4f4-66ef-4407-b090-dad1220ea2c3', '2022-07-16 22:45:57.764', 4, '2022-07-16 22:45:57', 'views/pages/hr/ownership/Index.vue', b'0', b'1', b'1', 'mdi-account-switch', b'0', 'SysOwnership', b'0', '5fc067b0-8acc-48be-8334-d773cc649e88', '/hr/ownership', '人员归属', NULL, NULL, b'1', 0, 0, NULL);
INSERT INTO `sys_element` (`element_id`, `create_time`, `ranking`, `update_time`, `component`, `detail_content`, `have_child`, `hide_all_child`, `icon`, `ignore_auth`, `name`, `not_keep_alive`, `parent_id`, `path`, `title`, `type`, `description`, `is_reserved`, `reversion`, `status`, `redirect`) VALUES ('2de6fcfe-12e6-4e6a-b772-b8dd728a7da0', '2022-07-16 22:06:02.03', 0, '2022-07-16 22:06:02', 'views/pages/security/user/Authorize.vue', b'1', b'0', b'0', 'mdi-badge-account-alert', b'0', 'SysUserAuthorize', b'0', '4ec4ed5e-d815-4318-937a-12d567957237', '/security/user/authorize', '用户角色', NULL, NULL, b'1', 0, 0, NULL);
INSERT INTO `sys_element` (`element_id`, `create_time`, `ranking`, `update_time`, `component`, `detail_content`, `have_child`, `hide_all_child`, `icon`, `ignore_auth`, `name`, `not_keep_alive`, `parent_id`, `path`, `title`, `type`, `description`, `is_reserved`, `reversion`, `status`, `redirect`) VALUES ('10eae473-87c5-4012-8078-8cd3c8d68c33', '2022-07-16 22:43:51.89', 3, '2022-07-16 22:43:51.89', 'views/pages/hr/employee/Index.vue', b'0', b'1', b'1', 'mdi-card-account-details-star', b'0', 'SysEmployee', b'0', '5fc067b0-8acc-48be-8334-d773cc649e88', '/hr/employee', '人员管理', NULL, NULL, b'1', 0, 0, NULL);
INSERT INTO `sys_element` (`element_id`, `create_time`, `ranking`, `update_time`, `component`, `detail_content`, `have_child`, `hide_all_child`, `icon`, `ignore_auth`, `name`, `not_keep_alive`, `parent_id`, `path`, `title`, `type`, `description`, `is_reserved`, `reversion`, `status`, `redirect`) VALUES ('118b6d69-1c5c-433c-8316-b65a9e263e45', '2022-07-16 22:30:40.258', 6, '2022-07-16 22:30:40.258', 'views/pages/security/element/Index.vue', b'0', b'1', b'1', 'mdi-clipboard-text', b'0', 'SysElement', b'0', 'e6ee0720-adc1-4ccf-99c5-2974b3c5dd22', '/security/element', '菜单管理', NULL, NULL, b'1', 0, 0, NULL);
INSERT INTO `sys_element` (`element_id`, `create_time`, `ranking`, `update_time`, `component`, `detail_content`, `have_child`, `hide_all_child`, `icon`, `ignore_auth`, `name`, `not_keep_alive`, `parent_id`, `path`, `title`, `type`, `description`, `is_reserved`, `reversion`, `status`, `redirect`) VALUES ('6de8f002-8e59-42a8-b201-3dba46aa6641', '2022-07-16 22:33:50.326', 5, '2022-07-16 22:33:50', 'views/pages/security/attribute/Index.vue', b'0', b'1', b'1', 'mdi-layers-triple', b'0', 'SysSecurityAttribute', b'0', 'e6ee0720-adc1-4ccf-99c5-2974b3c5dd22', '/security/security-attribute', '元数据管理', NULL, NULL, b'1', 0, 0, NULL);
INSERT INTO `sys_element` (`element_id`, `create_time`, `ranking`, `update_time`, `component`, `detail_content`, `have_child`, `hide_all_child`, `icon`, `ignore_auth`, `name`, `not_keep_alive`, `parent_id`, `path`, `title`, `type`, `description`, `is_reserved`, `reversion`, `status`, `redirect`) VALUES ('0f7f0236-da8a-4a7f-8e87-db0275f42836', '2022-07-16 22:29:06.482', 3, '2022-07-16 22:29:06', 'views/pages/security/authority/Index.vue', b'0', b'0', b'0', 'mdi-api', b'0', 'SysAuthority', b'0', 'e6ee0720-adc1-4ccf-99c5-2974b3c5dd22', '/security/authority', '接口管理', NULL, NULL, b'1', 0, 0, NULL);
INSERT INTO `sys_element` (`element_id`, `create_time`, `ranking`, `update_time`, `component`, `detail_content`, `have_child`, `hide_all_child`, `icon`, `ignore_auth`, `name`, `not_keep_alive`, `parent_id`, `path`, `title`, `type`, `description`, `is_reserved`, `reversion`, `status`, `redirect`) VALUES ('b2e3f395-a861-46b8-a00b-96102eaa3f7c', '2022-07-16 22:53:22.541', 2, '2022-07-16 22:53:22', 'views/pages/authorize/scope/Index.vue', b'0', b'1', b'1', 'mdi-group', b'0', 'OAuth2Scope', b'0', '2f2a5b9a-b7ac-438d-bcb0-f69b75bd009c', '/authorize/scope', '范围管理', NULL, NULL, b'1', 0, 0, NULL);
INSERT INTO `sys_element` (`element_id`, `create_time`, `ranking`, `update_time`, `component`, `detail_content`, `have_child`, `hide_all_child`, `icon`, `ignore_auth`, `name`, `not_keep_alive`, `parent_id`, `path`, `title`, `type`, `description`, `is_reserved`, `reversion`, `status`, `redirect`) VALUES ('e96985c2-94a5-4e11-a3ab-a71a3b4d7027', '2022-07-16 22:51:04.542', 0, '2022-07-16 22:51:04', 'views/pages/authorize/application/Content.vue', b'1', b'0', b'0', 'mdi-application-edit', b'0', 'OAuth2ApplicationContent', b'0', '41ec5b56-32d7-4029-8218-9c9bac6faa16', '/authorize/application/content', '应用详情', NULL, NULL, b'1', 0, 0, NULL);
INSERT INTO `sys_element` (`element_id`, `create_time`, `ranking`, `update_time`, `component`, `detail_content`, `have_child`, `hide_all_child`, `icon`, `ignore_auth`, `name`, `not_keep_alive`, `parent_id`, `path`, `title`, `type`, `description`, `is_reserved`, `reversion`, `status`, `redirect`) VALUES ('111b4ed4-d0a6-4837-9e25-c081092970f6', '2022-07-16 22:37:29.561', 1, '2022-07-16 22:37:29', 'views/pages/hr/organization/Index.vue', b'0', b'1', b'1', 'mdi-bank-outline', b'0', 'SysOrganization', b'0', '5fc067b0-8acc-48be-8334-d773cc649e88', '/hr/organization', '单位管理', NULL, NULL, b'1', 0, 0, NULL);
INSERT INTO `sys_element` (`element_id`, `create_time`, `ranking`, `update_time`, `component`, `detail_content`, `have_child`, `hide_all_child`, `icon`, `ignore_auth`, `name`, `not_keep_alive`, `parent_id`, `path`, `title`, `type`, `description`, `is_reserved`, `reversion`, `status`, `redirect`) VALUES ('98860f95-794b-4882-8e74-6c729e1ad95b', '2022-07-16 22:56:24.016', 3, '2022-07-16 22:56:24', 'views/pages/authorize/token/Index.vue', b'0', b'0', b'0', 'mdi-sitemap', b'0', 'OAuth2Token', b'0', '2f2a5b9a-b7ac-438d-bcb0-f69b75bd009c', '/authorize/token', '凭证管理', NULL, NULL, b'1', 0, 0, NULL);
INSERT INTO `sys_element` (`element_id`, `create_time`, `ranking`, `update_time`, `component`, `detail_content`, `have_child`, `hide_all_child`, `icon`, `ignore_auth`, `name`, `not_keep_alive`, `parent_id`, `path`, `title`, `type`, `description`, `is_reserved`, `reversion`, `status`, `redirect`) VALUES ('24fd94d8-6956-4ad7-ac8f-3bc6daf609a7', '2022-07-16 22:54:31.827', 0, '2022-07-16 22:54:31', 'views/pages/authorize/scope/Content.vue', b'1', b'0', b'0', 'mdi-vector-link', b'0', 'OAuth2ScopeContent', b'0', 'b2e3f395-a861-46b8-a00b-96102eaa3f7c', '/authorize/scope/content', '范围详情', NULL, NULL, b'1', 0, 0, NULL);
INSERT INTO `sys_element` (`element_id`, `create_time`, `ranking`, `update_time`, `component`, `detail_content`, `have_child`, `hide_all_child`, `icon`, `ignore_auth`, `name`, `not_keep_alive`, `parent_id`, `path`, `title`, `type`, `description`, `is_reserved`, `reversion`, `status`, `redirect`) VALUES ('b14afb51-60a7-476d-bf45-57603d79f0db', '2022-07-16 22:57:21.513', 4, '2022-07-16 22:57:21', 'views/pages/authorize/compliance/Index.vue', b'0', b'0', b'0', 'mdi-receipt-text-check', b'0', 'OAuth2Compliance', b'0', '2f2a5b9a-b7ac-438d-bcb0-f69b75bd009c', '/authorize/compliance', '日志审计', NULL, NULL, b'1', 0, 0, NULL);
INSERT INTO `sys_element` (`element_id`, `create_time`, `ranking`, `update_time`, `component`, `detail_content`, `have_child`, `hide_all_child`, `icon`, `ignore_auth`, `name`, `not_keep_alive`, `parent_id`, `path`, `title`, `type`, `description`, `is_reserved`, `reversion`, `status`, `redirect`) VALUES ('53b2fc4f-8681-47f3-8739-409265add9fc', '2022-07-16 22:42:31.936', 0, '2022-07-16 22:42:31', 'views/pages/hr/department/Content.vue', b'1', b'0', b'0', 'mdi-home-edit', b'0', 'SysDepartmentContent', b'0', '364f8273-e51a-486d-b53e-8e6b9f648c2c', '/hr/department/content', '部门详情', NULL, NULL, b'1', 0, 0, NULL);
INSERT INTO `sys_element` (`element_id`, `create_time`, `ranking`, `update_time`, `component`, `detail_content`, `have_child`, `hide_all_child`, `icon`, `ignore_auth`, `name`, `not_keep_alive`, `parent_id`, `path`, `title`, `type`, `description`, `is_reserved`, `reversion`, `status`, `redirect`) VALUES ('ddc98314-5b84-4471-9dd1-733103321504', '2022-07-16 22:44:37.69', 0, '2022-07-16 22:44:37', 'views/pages/hr/employee/Content.vue', b'1', b'0', b'0', 'mdi-card-account-details', b'0', 'SysEmployeeContent', b'0', '10eae473-87c5-4012-8078-8cd3c8d68c33', '/hr/employee/content', '人员详情', NULL, NULL, b'1', 0, 0, NULL);
INSERT INTO `sys_element` (`element_id`, `create_time`, `ranking`, `update_time`, `component`, `detail_content`, `have_child`, `hide_all_child`, `icon`, `ignore_auth`, `name`, `not_keep_alive`, `parent_id`, `path`, `title`, `type`, `description`, `is_reserved`, `reversion`, `status`, `redirect`) VALUES ('66a8b97c-9aa7-423d-a106-d19e209bdc7b', '2022-07-16 22:38:38.018', 0, '2022-07-16 22:38:38', 'views/pages/hr/organization/Content.vue', b'1', b'0', b'0', 'mdi-bank-check', b'0', 'SysOrganizationContent', b'0', '111b4ed4-d0a6-4837-9e25-c081092970f6', '/hr/organization/content', '单位详情', NULL, NULL, b'1', 0, 0, NULL);
INSERT INTO `sys_element` (`element_id`, `create_time`, `ranking`, `update_time`, `component`, `detail_content`, `have_child`, `hide_all_child`, `icon`, `ignore_auth`, `name`, `not_keep_alive`, `parent_id`, `path`, `title`, `type`, `description`, `is_reserved`, `reversion`, `status`, `redirect`) VALUES ('147bec55-b50a-472b-b109-7912f0d9773a', '2022-07-16 22:02:28.563', 0, '2022-07-16 22:02:28', 'views/pages/security/user/Content.vue', b'1', b'0', b'0', 'mdi-clipboard-account', b'0', 'SysUserContent', b'0', '4ec4ed5e-d815-4318-937a-12d567957237', '/security/user/content', '用户详情', NULL, NULL, b'1', 0, 0, NULL);
INSERT INTO `sys_element` (`element_id`, `create_time`, `ranking`, `update_time`, `component`, `detail_content`, `have_child`, `hide_all_child`, `icon`, `ignore_auth`, `name`, `not_keep_alive`, `parent_id`, `path`, `title`, `type`, `description`, `is_reserved`, `reversion`, `status`, `redirect`) VALUES ('19a3864e-ebd3-474f-be02-9dc2c27c6614', '2022-07-16 22:27:41.408', 0, '2022-07-16 22:27:41', 'views/pages/security/default-role/Authorize.vue', b'1', b'0', b'0', 'mdi-lock-open-check', b'0', 'SysDefaultRoleAuthorize', b'0', '23b4367a-dd41-484b-9078-e07caf9d8ec0', '/security/default-role/authorize', '角色配置', NULL, NULL, b'1', 0, 0, NULL);
INSERT INTO `sys_element` (`element_id`, `create_time`, `ranking`, `update_time`, `component`, `detail_content`, `have_child`, `hide_all_child`, `icon`, `ignore_auth`, `name`, `not_keep_alive`, `parent_id`, `path`, `title`, `type`, `description`, `is_reserved`, `reversion`, `status`, `redirect`) VALUES ('2458dd66-9af9-4bae-babc-e4b988e4b4dd', '2022-07-16 22:31:57.556', 0, '2022-07-16 22:31:57', 'views/pages/security/element/Content.vue', b'1', b'0', b'0', 'mdi-clipboard-text-multiple', b'0', 'SysElementContent', b'0', '118b6d69-1c5c-433c-8316-b65a9e263e45', '/security/element/content', '菜单详情', NULL, NULL, b'1', 0, 0, NULL);
INSERT INTO `sys_element` (`element_id`, `create_time`, `ranking`, `update_time`, `component`, `detail_content`, `have_child`, `hide_all_child`, `icon`, `ignore_auth`, `name`, `not_keep_alive`, `parent_id`, `path`, `title`, `type`, `description`, `is_reserved`, `reversion`, `status`, `redirect`) VALUES ('9b26ec0d-4111-4a55-9a99-64e6a2dc5afe', '2022-07-16 22:23:59.842', 0, '2022-07-16 22:23:59', 'views/pages/security/role/Authorize.vue', b'1', b'0', b'0', 'mdi-shield-key', b'0', 'SysRoleAuthorize', b'0', '6ebecd40-6fca-413d-adb4-a2e416d0c8ee', '/security/role/authorize', '角色权限', NULL, NULL, b'1', 0, 0, NULL);
INSERT INTO `sys_element` (`element_id`, `create_time`, `ranking`, `update_time`, `component`, `detail_content`, `have_child`, `hide_all_child`, `icon`, `ignore_auth`, `name`, `not_keep_alive`, `parent_id`, `path`, `title`, `type`, `description`, `is_reserved`, `reversion`, `status`, `redirect`) VALUES ('e9831f7d-89ee-44dc-bf19-7e00e51b9879', '2022-07-16 22:22:48.381', 0, '2022-07-16 22:22:48', 'views/pages/security/role/Content.vue', b'1', b'0', b'0', 'mdi-shield-edit', b'0', 'SysRoleContent', b'0', '6ebecd40-6fca-413d-adb4-a2e416d0c8ee', '/security/role/content', '角色详情', NULL, NULL, b'1', 0, 0, NULL);
INSERT INTO `sys_element` (`element_id`, `create_time`, `ranking`, `update_time`, `component`, `detail_content`, `have_child`, `hide_all_child`, `icon`, `ignore_auth`, `name`, `not_keep_alive`, `parent_id`, `path`, `title`, `type`, `description`, `is_reserved`, `reversion`, `status`, `redirect`) VALUES ('5cbdef3d-4ad6-4867-b1ea-401c3fc1d587', '2022-07-16 22:32:45.894', 0, '2022-07-16 22:32:45', 'views/pages/security/element/Authorize.vue', b'1', b'0', b'0', 'mdi-sort-variant-lock', b'0', 'SysElementAuthorize', b'0', '118b6d69-1c5c-433c-8316-b65a9e263e45', '/security/element/authorize', '菜单权限', NULL, NULL, b'1', 0, 0, NULL);
INSERT INTO `sys_element` (`element_id`, `create_time`, `ranking`, `update_time`, `component`, `detail_content`, `have_child`, `hide_all_child`, `icon`, `ignore_auth`, `name`, `not_keep_alive`, `parent_id`, `path`, `title`, `type`, `description`, `is_reserved`, `reversion`, `status`, `redirect`) VALUES ('2f2a5b9a-b7ac-438d-bcb0-f69b75bd009c', '2022-07-16 22:48:29.733', 2, '2022-07-16 22:48:29', 'views/layouts/Index.vue', b'0', b'1', b'0', 'mdi-security', b'0', NULL, b'0', NULL, '/authorize', '平台认证管理', NULL, NULL, b'1', 0, 0, '/authorize/application');
INSERT INTO `sys_element` (`element_id`, `create_time`, `ranking`, `update_time`, `component`, `detail_content`, `have_child`, `hide_all_child`, `icon`, `ignore_auth`, `name`, `not_keep_alive`, `parent_id`, `path`, `title`, `type`, `description`, `is_reserved`, `reversion`, `status`, `redirect`) VALUES ('c21db958-7eab-4dbc-8061-966294684219', '2022-07-16 22:58:47.236', 1, '2022-07-16 22:58:47.236', 'views/layouts/Index.vue', b'0', b'1', b'0', 'mdi-view-dashboard', b'0', NULL, b'0', NULL, '/dashboard', 'Dashboard', NULL, NULL, b'1', 0, 0, '/dashboard/console');
INSERT INTO `sys_element` (`element_id`, `create_time`, `ranking`, `update_time`, `component`, `detail_content`, `have_child`, `hide_all_child`, `icon`, `ignore_auth`, `name`, `not_keep_alive`, `parent_id`, `path`, `title`, `type`, `description`, `is_reserved`, `reversion`, `status`, `redirect`) VALUES ('5fc067b0-8acc-48be-8334-d773cc649e88', '2022-07-16 22:36:31.755', 4, '2022-07-16 22:36:31.755', 'views/layouts/Index.vue', b'0', b'1', b'0', 'mdi-account-tie', b'0', NULL, b'0', NULL, '/hr', '人力资源管理', NULL, NULL, b'1', 0, 0, '/hr/organization');
INSERT INTO `sys_element` (`element_id`, `create_time`, `ranking`, `update_time`, `component`, `detail_content`, `have_child`, `hide_all_child`, `icon`, `ignore_auth`, `name`, `not_keep_alive`, `parent_id`, `path`, `title`, `type`, `description`, `is_reserved`, `reversion`, `status`, `redirect`) VALUES ('f4224093-4542-4c8b-85d1-3c25f28471df', '2022-07-16 22:55:21.043', 0, '2022-07-16 22:55:21', 'views/pages/authorize/scope/Authorize.vue', b'1', b'0', b'0', 'mdi-vector-intersection', b'0', 'OAuth2ScopeAuthorize', b'0', 'b2e3f395-a861-46b8-a00b-96102eaa3f7c', '/authorize/scope/authorize', '范围权限', NULL, NULL, b'1', 0, 0, NULL);
INSERT INTO `sys_element` (`element_id`, `create_time`, `ranking`, `update_time`, `component`, `detail_content`, `have_child`, `hide_all_child`, `icon`, `ignore_auth`, `name`, `not_keep_alive`, `parent_id`, `path`, `title`, `type`, `description`, `is_reserved`, `reversion`, `status`, `redirect`) VALUES ('ee2a4314-531e-47ef-866b-8e04433bc934', '2022-07-16 22:46:59.014', 0, '2022-07-16 22:46:59', 'views/pages/hr/ownership/Content.vue', b'1', b'0', b'0', 'mdi-account-multiple-check-outline', b'0', 'SysOwnershipContent', b'0', '19e8d4f4-66ef-4407-b090-dad1220ea2c3', '/hr/ownership/content', '归属详情', NULL, NULL, b'1', 0, 0, NULL);
INSERT INTO `sys_element` (`element_id`, `create_time`, `ranking`, `update_time`, `component`, `detail_content`, `have_child`, `hide_all_child`, `icon`, `ignore_auth`, `name`, `not_keep_alive`, `parent_id`, `path`, `title`, `type`, `description`, `is_reserved`, `reversion`, `status`, `redirect`) VALUES ('d319b130-9be4-46f4-bf56-97f14fb05260', '2022-07-19 16:19:19.649', 5, '2022-07-19 16:19:19.649', 'views/layouts/Index.vue', b'0', b'1', b'0', 'mdi-transit-connection-variant', b'0', NULL, b'0', NULL, '/workflow', '工作流程管理', NULL, NULL, b'1', 0, 0, '/workflow/deployment');
INSERT INTO `sys_element` (`element_id`, `create_time`, `ranking`, `update_time`, `component`, `detail_content`, `have_child`, `hide_all_child`, `icon`, `ignore_auth`, `name`, `not_keep_alive`, `parent_id`, `path`, `title`, `type`, `description`, `is_reserved`, `reversion`, `status`, `redirect`) VALUES ('b3e3cc74-a8cc-471a-b6be-6802d5b82a6a', '2022-07-19 16:21:00.126', 0, '2022-07-19 16:21:00.126', 'views/pages/workflow/deployment/Index.vue', b'0', b'1', b'1', 'mdi-cloud-braces', b'0', 'WorkflowDeployment', b'0', 'd319b130-9be4-46f4-bf56-97f14fb05260', '/workflow/deployment', '流程部署管理', NULL, NULL, b'1', 0, 0, NULL);
INSERT INTO `sys_element` (`element_id`, `create_time`, `ranking`, `update_time`, `component`, `detail_content`, `have_child`, `hide_all_child`, `icon`, `ignore_auth`, `name`, `not_keep_alive`, `parent_id`, `path`, `title`, `type`, `description`, `is_reserved`, `reversion`, `status`, `redirect`) VALUES ('364f8273-e51a-486d-b53e-8e6b9f648c2c', '2022-07-17 15:18:48.564', 2, '2022-07-17 15:18:48', 'views/pages/hr/department/Index.vue', b'0', b'1', b'1', 'mdi-home', b'0', 'SysDepartment', b'0', '5fc067b0-8acc-48be-8334-d773cc649e88', '/hr/department', '部门管理', NULL, NULL, b'1', 0, 0, NULL);
INSERT INTO `sys_element` (`element_id`, `create_time`, `ranking`, `update_time`, `component`, `detail_content`, `have_child`, `hide_all_child`, `icon`, `ignore_auth`, `name`, `not_keep_alive`, `parent_id`, `path`, `title`, `type`, `description`, `is_reserved`, `reversion`, `status`, `redirect`) VALUES ('6ebecd40-6fca-413d-adb4-a2e416d0c8ee', '2022-07-16 22:07:42.186', 2, '2022-07-16 22:07:42', 'views/pages/security/role/Index.vue', b'0', b'1', b'1', 'mdi-shield-account', b'0', 'SysRole', b'0', 'e6ee0720-adc1-4ccf-99c5-2974b3c5dd22', '/security/role', '角色管理', NULL, NULL, b'1', 0, 0, NULL);


-- ----------------------------
-- Table data for sys_element_role
-- ----------------------------
INSERT INTO `sys_element_role` (`element_id`, `role_id`) VALUES ('e6ee0720-adc1-4ccf-99c5-2974b3c5dd22', '1');
INSERT INTO `sys_element_role` (`element_id`, `role_id`) VALUES ('2f2a5b9a-b7ac-438d-bcb0-f69b75bd009c', '1');
INSERT INTO `sys_element_role` (`element_id`, `role_id`) VALUES ('41ec5b56-32d7-4029-8218-9c9bac6faa16', '1');
INSERT INTO `sys_element_role` (`element_id`, `role_id`) VALUES ('2de6fcfe-12e6-4e6a-b772-b8dd728a7da0', '1');
INSERT INTO `sys_element_role` (`element_id`, `role_id`) VALUES ('e96985c2-94a5-4e11-a3ab-a71a3b4d7027', '1');
INSERT INTO `sys_element_role` (`element_id`, `role_id`) VALUES ('147bec55-b50a-472b-b109-7912f0d9773a', '1');
INSERT INTO `sys_element_role` (`element_id`, `role_id`) VALUES ('b2e3f395-a861-46b8-a00b-96102eaa3f7c', '1');
INSERT INTO `sys_element_role` (`element_id`, `role_id`) VALUES ('6de8f002-8e59-42a8-b201-3dba46aa6641', '1');
INSERT INTO `sys_element_role` (`element_id`, `role_id`) VALUES ('e9831f7d-89ee-44dc-bf19-7e00e51b9879', '1');
INSERT INTO `sys_element_role` (`element_id`, `role_id`) VALUES ('9b26ec0d-4111-4a55-9a99-64e6a2dc5afe', '1');
INSERT INTO `sys_element_role` (`element_id`, `role_id`) VALUES ('19a3864e-ebd3-474f-be02-9dc2c27c6614', '1');
INSERT INTO `sys_element_role` (`element_id`, `role_id`) VALUES ('2458dd66-9af9-4bae-babc-e4b988e4b4dd', '1');
INSERT INTO `sys_element_role` (`element_id`, `role_id`) VALUES ('5cbdef3d-4ad6-4867-b1ea-401c3fc1d587', '1');
INSERT INTO `sys_element_role` (`element_id`, `role_id`) VALUES ('32b43adf-1db4-4ac9-b996-15cfee008489', '1');
INSERT INTO `sys_element_role` (`element_id`, `role_id`) VALUES ('24fd94d8-6956-4ad7-ac8f-3bc6daf609a7', '1');
INSERT INTO `sys_element_role` (`element_id`, `role_id`) VALUES ('f4224093-4542-4c8b-85d1-3c25f28471df', '1');
INSERT INTO `sys_element_role` (`element_id`, `role_id`) VALUES ('98860f95-794b-4882-8e74-6c729e1ad95b', '1');
INSERT INTO `sys_element_role` (`element_id`, `role_id`) VALUES ('b14afb51-60a7-476d-bf45-57603d79f0db', '1');
INSERT INTO `sys_element_role` (`element_id`, `role_id`) VALUES ('c21db958-7eab-4dbc-8061-966294684219', '1');
INSERT INTO `sys_element_role` (`element_id`, `role_id`) VALUES ('9f064902-162a-408f-bd3e-866b03c9dae1', '1');
INSERT INTO `sys_element_role` (`element_id`, `role_id`) VALUES ('0f7f0236-da8a-4a7f-8e87-db0275f42836', '1');
INSERT INTO `sys_element_role` (`element_id`, `role_id`) VALUES ('23b4367a-dd41-484b-9078-e07caf9d8ec0', '1');
INSERT INTO `sys_element_role` (`element_id`, `role_id`) VALUES ('118b6d69-1c5c-433c-8316-b65a9e263e45', '1');
INSERT INTO `sys_element_role` (`element_id`, `role_id`) VALUES ('4ec4ed5e-d815-4318-937a-12d567957237', '1');
INSERT INTO `sys_element_role` (`element_id`, `role_id`) VALUES ('6ebecd40-6fca-413d-adb4-a2e416d0c8ee', '1');
INSERT INTO `sys_element_role` (`element_id`, `role_id`) VALUES ('5fc067b0-8acc-48be-8334-d773cc649e88', '7e43d37d-d045-445f-a1de-cb1259f7709c');
INSERT INTO `sys_element_role` (`element_id`, `role_id`) VALUES ('5fc067b0-8acc-48be-8334-d773cc649e88', '1');
INSERT INTO `sys_element_role` (`element_id`, `role_id`) VALUES ('364f8273-e51a-486d-b53e-8e6b9f648c2c', '7e43d37d-d045-445f-a1de-cb1259f7709c');
INSERT INTO `sys_element_role` (`element_id`, `role_id`) VALUES ('364f8273-e51a-486d-b53e-8e6b9f648c2c', '1');
INSERT INTO `sys_element_role` (`element_id`, `role_id`) VALUES ('53b2fc4f-8681-47f3-8739-409265add9fc', '7e43d37d-d045-445f-a1de-cb1259f7709c');
INSERT INTO `sys_element_role` (`element_id`, `role_id`) VALUES ('53b2fc4f-8681-47f3-8739-409265add9fc', '1');
INSERT INTO `sys_element_role` (`element_id`, `role_id`) VALUES ('10eae473-87c5-4012-8078-8cd3c8d68c33', '7e43d37d-d045-445f-a1de-cb1259f7709c');
INSERT INTO `sys_element_role` (`element_id`, `role_id`) VALUES ('10eae473-87c5-4012-8078-8cd3c8d68c33', '1');
INSERT INTO `sys_element_role` (`element_id`, `role_id`) VALUES ('ddc98314-5b84-4471-9dd1-733103321504', '7e43d37d-d045-445f-a1de-cb1259f7709c');
INSERT INTO `sys_element_role` (`element_id`, `role_id`) VALUES ('ddc98314-5b84-4471-9dd1-733103321504', '1');
INSERT INTO `sys_element_role` (`element_id`, `role_id`) VALUES ('111b4ed4-d0a6-4837-9e25-c081092970f6', '7e43d37d-d045-445f-a1de-cb1259f7709c');
INSERT INTO `sys_element_role` (`element_id`, `role_id`) VALUES ('111b4ed4-d0a6-4837-9e25-c081092970f6', '1');
INSERT INTO `sys_element_role` (`element_id`, `role_id`) VALUES ('66a8b97c-9aa7-423d-a106-d19e209bdc7b', '7e43d37d-d045-445f-a1de-cb1259f7709c');
INSERT INTO `sys_element_role` (`element_id`, `role_id`) VALUES ('66a8b97c-9aa7-423d-a106-d19e209bdc7b', '1');
INSERT INTO `sys_element_role` (`element_id`, `role_id`) VALUES ('19e8d4f4-66ef-4407-b090-dad1220ea2c3', '7e43d37d-d045-445f-a1de-cb1259f7709c');
INSERT INTO `sys_element_role` (`element_id`, `role_id`) VALUES ('19e8d4f4-66ef-4407-b090-dad1220ea2c3', '1');
INSERT INTO `sys_element_role` (`element_id`, `role_id`) VALUES ('ee2a4314-531e-47ef-866b-8e04433bc934', '7e43d37d-d045-445f-a1de-cb1259f7709c');
INSERT INTO `sys_element_role` (`element_id`, `role_id`) VALUES ('ee2a4314-531e-47ef-866b-8e04433bc934', '1');
INSERT INTO `sys_element_role` (`element_id`, `role_id`) VALUES ('d319b130-9be4-46f4-bf56-97f14fb05260', '1');
INSERT INTO `sys_element_role` (`element_id`, `role_id`) VALUES ('b3e3cc74-a8cc-471a-b6be-6802d5b82a6a', '1');

-- ----------------------------
-- Import all authority which not exist in sys_authority for admin role
-- ----------------------------
INSERT INTO sys_role_authority (role_id, authority_id)
SELECT '1' role_id,
       sa.authority_id
FROM `sys_authority` sa
WHERE NOT EXISTS(SELECT sa.authority_id FROM sys_role_authority sra WHERE sra.authority_id = sa.authority_id);

-- ----------------------------
-- Import all authority  for test role
-- ----------------------------
    INSERT INTO sys_role_authority (role_id, authority_id)
SELECT '7e43d37d-d045-445f-a1de-cb1259f7709c' role_id,
       sa.authority_id
FROM `sys_authority` sa
WHERE sa.url = '/element/tree'
   OR sa.url = '/oauth2/sign-out'
   OR sa.url LIKE '%enum%'
   OR sa.url LIKE '%employee%'
   OR sa.url LIKE '%department%'
   OR sa.url LIKE '%organization%'
   OR sa.url LIKE '%ownership%';