<?xml version="1.0" encoding="UTF-8" ?>
<configuration>
    <include resource="org/springframework/boot/logging/logback/defaults.xml"/>

    <property name="TRACE_ID_CONSOLE_LOG_PATTERN" value="${TRACE_ID_CONSOLE_LOG_PATTERN:-%clr(%d{${LOG_DATEFORMAT_PATTERN:-yyyy-MM-dd HH:mm:ss.SSS}}){faint} %clr([%X{tid}]) %clr(${LOG_LEVEL_PATTERN:-%5p}) %clr(${PID:- }){magenta} %clr(---){faint} %clr([%15.15t]){faint} %clr(%-40.40logger{39}){cyan} %clr(:){faint} %m%n${LOG_EXCEPTION_CONVERSION_WORD:-%wEx}}"/>
    <property name="TRACE_ID_FILE_LOG_PATTERN" value="${TRACE_ID_FILE_LOG_PATTERN:-%d{${LOG_DATEFORMAT_PATTERN:-yyyy-MM-dd HH:mm:ss.SSS}} [%X{tid}] ${LOG_LEVEL_PATTERN:-%5p} ${PID:- } --- [%t] %-40.40logger{39} : %m%n${LOG_EXCEPTION_CONVERSION_WORD:-%wEx}}"/>
    <property name="TRACE_ID_APM_LOG_PATTERN" value="${TRACE_ID_APM_LOG_PATTERN:-%d{${LOG_DATEFORMAT_PATTERN:-yyyy-MM-dd HH:mm:ss.SSS}} [%X{tid}] ${LOG_LEVEL_PATTERN:-%5p} ${PID:- } --- [%t] %-40.40logger{39} : %m%n${LOG_EXCEPTION_CONVERSION_WORD:-%wEx}}"/>

    <springProperty scope="context" name="SERVICE_NAME" source="spring.application.name" defaultValue="herodotus-cloud" />
    <property name="LOG_FILE" value="${LOG_FILE:-${LOG_PATH:-${LOG_TEMP:-${java.io.tmpdir:-/tmp}}}/${SERVICE_NAME}.log}"/>
    
    <appender name="CONSOLE" class="ch.qos.logback.core.ConsoleAppender">
        <encoder class="ch.qos.logback.core.encoder.LayoutWrappingEncoder">
            <charset>${CONSOLE_LOG_CHARSET}</charset>
            <layout class="org.apache.skywalking.apm.toolkit.log.logback.v1.x.mdc.TraceIdMDCPatternLogbackLayout">
                <pattern>${TRACE_ID_CONSOLE_LOG_PATTERN}</pattern>
            </layout>
        </encoder>
    </appender>

    <appender name="FILE" class="ch.qos.logback.core.rolling.RollingFileAppender">
        <encoder class="ch.qos.logback.core.encoder.LayoutWrappingEncoder">
            <charset>${FILE_LOG_CHARSET}</charset>
            <layout class="org.apache.skywalking.apm.toolkit.log.logback.v1.x.mdc.TraceIdMDCPatternLogbackLayout">
                <pattern>${TRACE_ID_FILE_LOG_PATTERN}</pattern>
            </layout>
        </encoder>
        <file>${LOG_FILE}</file>
        <rollingPolicy class="ch.qos.logback.core.rolling.SizeAndTimeBasedRollingPolicy">
            <fileNamePattern>${LOGBACK_ROLLINGPOLICY_FILE_NAME_PATTERN:-${LOG_FILE}.%d{yyyy-MM-dd}.%i.gz}</fileNamePattern>
            <cleanHistoryOnStart>${LOGBACK_ROLLINGPOLICY_CLEAN_HISTORY_ON_START:-false}</cleanHistoryOnStart>
            <maxFileSize>${LOGBACK_ROLLINGPOLICY_MAX_FILE_SIZE:-10MB}</maxFileSize>
            <totalSizeCap>${LOGBACK_ROLLINGPOLICY_TOTAL_SIZE_CAP:-0}</totalSizeCap>
            <maxHistory>${LOGBACK_ROLLINGPOLICY_MAX_HISTORY:-7}</maxHistory>
        </rollingPolicy>
    </appender>

    <!--  采集推送至 ELK 日志中心  -->
    <appender name="LOGSTASH" class="net.logstash.logback.appender.LogstashTcpSocketAppender">
        <!--可以访问的logstash日志收集端口-->
        <destination>192.168.101.10:5044</destination>
        <encoder charset="UTF-8" class="net.logstash.logback.encoder.LogstashEncoder">
            <customFields>{"service":"${SERVICE_NAME}"}</customFields>
            <provider class="org.apache.skywalking.apm.toolkit.log.logback.v1.x.logstash.TraceIdJsonProvider"/>
        </encoder>
    </appender>

    <!--  上报采集日志至 SkyWalking  -->
    <appender name="APM_LOG" class="org.apache.skywalking.apm.toolkit.log.logback.v1.x.log.GRPCLogClientAppender">
        <encoder class="ch.qos.logback.core.encoder.LayoutWrappingEncoder">
            <layout class="org.apache.skywalking.apm.toolkit.log.logback.v1.x.mdc.TraceIdMDCPatternLogbackLayout">
                <Pattern>${TRACE_ID_APM_LOG_PATTERN}</Pattern>
            </layout>
        </encoder>
    </appender>

    <root level="INFO">
        <appender-ref ref="CONSOLE" />
        <appender-ref ref="FILE" />
    </root>

</configuration>