-- ----------------------------
-- Table data for dev_supplier
-- ----------------------------
INSERT INTO "dev_supplier"("supplier_id", "create_time", "ranking", "update_time", "description", "is_reserved", "reversion", "status", "parent_id", "supplier_code", "supplier_name", "supplier_type") VALUES ('067fc1c8-f3e1-4f41-9c7c-0bd4f885bf9e', '2020-05-05 17:13:00.067', 0, '2020-05-05 17:13:00.067', '', 't', 0, 1, NULL, 'HERODOTUS', '业务中台架构及开发团队', 'CORE');

-- ----------------------------
-- Table data for oauth_microservices
-- ----------------------------
INSERT INTO "oauth_microservices"("service_id", "create_time", "ranking", "update_time", "description", "is_reserved", "reversion", "status", "app_code", "app_name", "app_secret", "app_type", "supplier_id") VALUES ('004b87d8-0a18-4e62-a35c-f2f123713349', '2020-05-06 11:24:06.377', 0, '2020-05-06 11:24:06.377', '', 't', 0, 1, 'eurynome-cloud-upms-rest', '业务中台用户中心服务', '2bda7d3a-dba1-45a4-b08e-cbd731a0418e', 1, '067fc1c8-f3e1-4f41-9c7c-0bd4f885bf9e');
INSERT INTO "oauth_microservices"("service_id", "create_time", "ranking", "update_time", "description", "is_reserved", "reversion", "status", "app_code", "app_name", "app_secret", "app_type", "supplier_id") VALUES ('e2a746fc-cb1a-49c3-9436-67004117b039', '2020-06-19 16:57:59.565', 2, '2020-06-19 16:57:59.565', '', 't', 0, 1, 'eurynome-cloud-bpmn-rest', '业务中台流程中心服务', '25c9a32b-45a9-447a-a7e3-3a28d6a6834e', 1, '067fc1c8-f3e1-4f41-9c7c-0bd4f885bf9e');
INSERT INTO "oauth_microservices"("service_id", "create_time", "ranking", "update_time", "description", "is_reserved", "reversion", "status", "app_code", "app_name", "app_secret", "app_type", "supplier_id") VALUES ('f8e3f156-2cf4-449c-926d-d1377fe82c86', '2020-05-05 17:14:49.183', 0, '2020-05-05 17:14:49.183', '', 't', 0, 1, 'eurynome-cloud-uaa', '业务中台认证中心服务', '067e9d1c-12ed-4400-92ce-97281ddd71ff', 1, '067fc1c8-f3e1-4f41-9c7c-0bd4f885bf9e');

-- ----------------------------
-- Table data for oauth_applications
-- ----------------------------
INSERT INTO "oauth_applications"("app_key", "create_time", "ranking", "update_time", "description", "is_reserved", "reversion", "status", "app_icon", "app_name", "app_name_en", "app_secret", "app_type", "app_tech", "website", "app_code") VALUES ('010e659a-4005-4610-98f6-00b822f4758e', '2020-04-21 19:00:19.197', 0, '2020-05-05 18:02:48.367', '', 't', 0, 1, NULL, '业务中台管理端', 'Eurynome', '04165a07-cffd-45cf-a20a-1c2a69f65fb1', 0, 3, 'http://localhost:8080', '');

-- ----------------------------
-- Table data for oauth_client_details
-- ----------------------------
INSERT INTO "oauth_client_details"("client_id", "resource_ids", "client_secret", "scope", "authorized_grant_types", "web_server_redirect_uri", "authorities", "access_token_validity", "refresh_token_validity", "additional_information", "autoapprove") VALUES ('a7e91f49-ab28-4f55-81c4-973449cfe1eb', '', '$2a$10$fi5ecIcM3hy9RQwE0x78oeyNecPFiUgi0PnhESeENjX3G4CBvYOLO', 'all', 'authorization_code,client_credentials', 'http://localhost:9999/passport/login', '', 43200, 2592000, '{"status":"ENABLE","website":"http://localhsot:9999","appName":"运营后台"}', '');
INSERT INTO "oauth_client_details"("client_id", "resource_ids", "client_secret", "scope", "authorized_grant_types", "web_server_redirect_uri", "authorities", "access_token_validity", "refresh_token_validity", "additional_information", "autoapprove") VALUES ('010e659a-4005-4610-98f6-00b822f4758e', NULL, '$2a$10$XxKxGWDlqgdKhcvIBvhx9u7hVLpVKfVlsG.d2AoLIGFYugz0dZf2i', 'all', 'password,authorization_code,client_credentials', NULL, NULL, 43200, 2592000, '{"appCode":"","appKey":"010e659a-4005-4610-98f6-00b822f4758e","appName":"业务中台管理端","appNameEn":"Eurynome","appSecret":"04165a07-cffd-45cf-a20a-1c2a69f65fb1","applicationType":"WEB","createTime":1587466819000,"description":"","id":"010e659a-4005-4610-98f6-00b822f4758e","ranking":0,"reserved":true,"reversion":0,"scopes":[{"authorities":[],"createTime":1586851572000,"description":"中台全部服务权限","id":"c153737a-5234-11ea-ae28-14cf92c9b916","linkedProperty":"all","ranking":1,"reserved":true,"reversion":0,"scopeCode":"all","scopeId":"c153737a-5234-11ea-ae28-14cf92c9b916","scopeName":"全部权限","status":"ENABLE","updateTime":1587081166481}],"status":"ENABLE","technologyType":"NODE","updateTime":1588672968367,"website":"http://localhost:8080"}', NULL);
INSERT INTO "oauth_client_details"("client_id", "resource_ids", "client_secret", "scope", "authorized_grant_types", "web_server_redirect_uri", "authorities", "access_token_validity", "refresh_token_validity", "additional_information", "autoapprove") VALUES ('004b87d8-0a18-4e62-a35c-f2f123713349', NULL, '$2a$10$LZW/i7hHD3K6bNMLNMAgsu14avbR7cC0Ibw3cHj6P/NNjUqZSk3ou', NULL, 'client_credentials,password', NULL, NULL, NULL, NULL, '{"appCode":"eurynome-cloud-upms-rest","appName":"业务中台用户中心服务","appSecret":"2bda7d3a-dba1-45a4-b08e-cbd731a0418e","applicationType":"SERVICE","createTime":1588735446377,"description":"","id":"004b87d8-0a18-4e62-a35c-f2f123713349","ranking":0,"reserved":true,"reversion":0,"serviceId":"004b87d8-0a18-4e62-a35c-f2f123713349","status":"ENABLE","supplier":{"createTime":1588669980067,"description":"","id":"067fc1c8-f3e1-4f41-9c7c-0bd4f885bf9e","linkedProperty":"HERODOTUS","ranking":0,"reserved":true,"reversion":0,"status":"ENABLE","supplierCode":"HERODOTUS","supplierId":"067fc1c8-f3e1-4f41-9c7c-0bd4f885bf9e","supplierName":"业务中台架构及开发团队","supplierType":"CORE","updateTime":1588669980067},"updateTime":1588735446377}', NULL);
INSERT INTO "oauth_client_details"("client_id", "resource_ids", "client_secret", "scope", "authorized_grant_types", "web_server_redirect_uri", "authorities", "access_token_validity", "refresh_token_validity", "additional_information", "autoapprove") VALUES ('e2a746fc-cb1a-49c3-9436-67004117b039', '', '$2a$10$KE23iMm9qHciIzIog8FHQOMjtJ4LVVtGia4NpaS6Mhk3qQlqReU7.', '', 'client_credentials,password', '', '', NULL, NULL, '{"reversion":0,"applicationType":"SERVICE","appName":"业务中台流程中心服务","description":"","updateTime":1592557079565,"appCode":"eurynome-cloud-bpmn-rest","createTime":1592557079565,"reserved":true,"supplier":{"reversion":0,"supplierName":"业务中台架构及开发团队","supplierId":"067fc1c8-f3e1-4f41-9c7c-0bd4f885bf9e","description":"","updateTime":1588669980067,"supplierCode":"HERODOTUS","createTime":1588669980067,"reserved":true,"linkedProperty":"HERODOTUS","ranking":0,"id":"067fc1c8-f3e1-4f41-9c7c-0bd4f885bf9e","supplierType":"CORE","status":"ENABLE"},"appSecret":"25c9a32b-45a9-447a-a7e3-3a28d6a6834e","ranking":2,"id":"e2a746fc-cb1a-49c3-9436-67004117b039","scopes":[],"serviceId":"e2a746fc-cb1a-49c3-9436-67004117b039","status":"ENABLE"}', NULL);
INSERT INTO "oauth_client_details"("client_id", "resource_ids", "client_secret", "scope", "authorized_grant_types", "web_server_redirect_uri", "authorities", "access_token_validity", "refresh_token_validity", "additional_information", "autoapprove") VALUES ('f8e3f156-2cf4-449c-926d-d1377fe82c86', NULL, '$2a$10$S.cbWjrli7DJ34UQayozBOj07th.o4xAoW6pLEoAMM8Hd3YGh4y82', 'read_client_detail,read_user_detail', 'client_credentials,password', NULL, NULL, NULL, NULL, '{"appCode":"eurynome-cloud-platform-uaa","appName":"业务中台认证中心服务","appSecret":"067e9d1c-12ed-4400-92ce-97281ddd71ff","applicationType":"SERVICE","createTime":1588698889183,"description":"","id":"f8e3f156-2cf4-449c-926d-d1377fe82c86","ranking":0,"reserved":true,"reversion":0,"scopes":[{"authorities":[{"authorityCode":"OP_0C40DF5087487901D7289D070BE6A5F3","authorityId":"0C40DF5087487901D7289D070BE6A5F3","authorityName":"获取终端信息","authorityType":"API","className":"cn.herodotus.eurynome.upms.rest.controller.oauth.OauthClientDetailsController","createTime":1589024686153,"id":"0C40DF5087487901D7289D070BE6A5F3","menuClass":"fa fa-caret-right","methodName":"findByClientId","parentId":"eurynome-cloud-upms-rest","ranking":0,"requestMethod":"GET","reserved":false,"reversion":0,"serviceId":"eurynome-cloud-upms-rest","status":"ENABLE","updateTime":1591447593097,"url":"/oauth/client_details"}],"createTime":1591461064569,"description":"","id":"5589940e-ec75-4de4-9995-11a2090bf617","linkedProperty":"read_client_detail","ranking":1,"reserved":true,"reversion":0,"scopeCode":"read_client_detail","scopeId":"5589940e-ec75-4de4-9995-11a2090bf617","scopeName":"获取客户端信息","status":"ENABLE","updateTime":1591513318119},{"authorities":[{"authorityCode":"OP_B9F9A62E9E00E743A832436519AC3E97","authorityId":"B9F9A62E9E00E743A832436519AC3E97","authorityName":"根据用户ID查询用户","authorityType":"API","className":"cn.herodotus.eurynome.upms.rest.controller.system.SysUserController","createTime":1589024686189,"id":"B9F9A62E9E00E743A832436519AC3E97","menuClass":"fa fa-caret-right","methodName":"findById","parentId":"eurynome-cloud-upms-rest","ranking":0,"requestMethod":"POST","reserved":false,"reversion":0,"serviceId":"eurynome-cloud-upms-rest","status":"ENABLE","updateTime":1591447593112,"url":"/user/findById"},{"authorityCode":"OP_AF75A8DE6B2F439FC486A9CC142A5F5D","authorityId":"AF75A8DE6B2F439FC486A9CC142A5F5D","authorityName":"根据用户名查询用户","authorityType":"API","className":"cn.herodotus.eurynome.upms.rest.controller.system.SysUserController","createTime":1589024686192,"id":"AF75A8DE6B2F439FC486A9CC142A5F5D","menuClass":"fa fa-caret-right","methodName":"findByUsername","parentId":"eurynome-cloud-upms-rest","ranking":0,"requestMethod":"POST","reserved":false,"reversion":0,"serviceId":"eurynome-cloud-upms-rest","status":"ENABLE","updateTime":1591447593114,"url":"/user/findByUsername"}],"createTime":1591461326815,"description":"","id":"911b0419-78d6-4775-824b-c0b4f84d6ddd","linkedProperty":"read_user_detail","ranking":2,"reserved":true,"reversion":0,"scopeCode":"read_user_detail","scopeId":"911b0419-78d6-4775-824b-c0b4f84d6ddd","scopeName":"获取用户信息","status":"ENABLE","updateTime":1591513359089}],"serviceId":"f8e3f156-2cf4-449c-926d-d1377fe82c86","status":"ENABLE","supplier":{"createTime":1588698780067,"description":"","id":"067fc1c8-f3e1-4f41-9c7c-0bd4f885bf9e","linkedProperty":"HERODOTUS","ranking":0,"reserved":true,"reversion":0,"status":"ENABLE","supplierCode":"HERODOTUS","supplierId":"067fc1c8-f3e1-4f41-9c7c-0bd4f885bf9e","supplierName":"业务中台架构及开发团队","supplierType":"CORE","updateTime":1588698780067},"updateTime":1588698889183}', NULL);


-- ----------------------------
-- Table data for oauth_scopes
-- ----------------------------
INSERT INTO "oauth_scopes"("scope_id", "create_time", "ranking", "update_time", "description", "is_reserved", "reversion", "status", "scope_code", "scope_name") VALUES ('c153737a-5234-11ea-ae28-14cf92c9b916', '2020-04-14 16:06:12', 1, '2020-04-17 07:52:46.481', '中台全部服务权限', 't', 0, 1, 'all', '全部权限');

-- ----------------------------
-- Table data for sys_user
-- ----------------------------
INSERT INTO "sys_user"("user_id", "create_time", "ranking", "update_time", "description", "is_reserved", "status", "employee_id", "nick_name", "password", "user_name", "reversion") VALUES ('1', '2019-07-23 07:19:50', 1, '2019-07-23 07:19:52', '平台管理员', 't', 1, '', 'Hades', '$2a$10$fi5ecIcM3hy9RQwE0x78oeyNecPFiUgi0PnhESeENjX3G4CBvYOLO', 'system', NULL);

-- ----------------------------
-- Table data for sys_role
-- ----------------------------
INSERT INTO "sys_role"("role_id", "create_time", "ranking", "update_time", "description", "is_reserved", "status", "role_code", "role_name", "reversion") VALUES ('1', '2019-07-23 07:22:27', 1, '2019-09-11 12:04:52', '中台管理员角色', 't', 1, 'ROLE_ADMINISTRATOR', '平台管理员角色', NULL);

-- ----------------------------
-- Table data for sys_user_role
-- ----------------------------
INSERT INTO "sys_user_role"("user_id", "role_id") VALUES ('1', '1');

-- ----------------------------
-- Table data for sys_authority
-- ----------------------------
INSERT INTO "sys_authority"("authority_id", "create_time", "ranking", "update_time", "description", "is_reserved", "reversion", "status", "authority_code", "authority_name", "authority_type", "class_name", "menu_class", "method_name", "parent_id", "request_method", "service_id", "url") VALUES ('653E29696A6AFB83F963D5D29FDE0CF7', '2020-05-09 11:44:46.002', 0, '2020-05-09 11:44:46.002', NULL, 'f', 0, 1, 'OP_653E29696A6AFB83F963D5D29FDE0CF7', '获取服务使用常量', 'API', 'cn.herodotus.eurynome.upms.rest.controller.UpmsConstantsController', 'fa fa-caret-right', 'findAllEnums', 'eurynome-cloud-upms-rest', 'GET', 'eurynome-cloud-upms-rest', '/constants/enums');
INSERT INTO "sys_authority"("authority_id", "create_time", "ranking", "update_time", "description", "is_reserved", "reversion", "status", "authority_code", "authority_name", "authority_type", "class_name", "menu_class", "method_name", "parent_id", "request_method", "service_id", "url") VALUES ('98748C7FF68201C643EBB59C9F10BD06', '2020-05-09 11:44:46.046', 0, '2020-05-09 11:44:46.046', NULL, 'f', 0, 1, 'OP_98748C7FF68201C643EBB59C9F10BD06', '获取全部厂商数据', 'API', 'cn.herodotus.eurynome.upms.rest.controller.development.SupplierController', 'fa fa-caret-right', 'findAll', 'eurynome-cloud-upms-rest', 'GET', 'eurynome-cloud-upms-rest', '/microservice/supplier/list');
INSERT INTO "sys_authority"("authority_id", "create_time", "ranking", "update_time", "description", "is_reserved", "reversion", "status", "authority_code", "authority_name", "authority_type", "class_name", "menu_class", "method_name", "parent_id", "request_method", "service_id", "url") VALUES ('AE7BE9D6F5739F7E125F87DF573407CF', '2020-05-09 11:44:46.049', 0, '2020-05-09 11:44:46.049', NULL, 'f', 0, 1, 'OP_AE7BE9D6F5739F7E125F87DF573407CF', '删除应用', 'API', 'cn.herodotus.eurynome.upms.rest.controller.development.SupplierController', 'fa fa-caret-right', 'delete', 'eurynome-cloud-upms-rest', 'DELETE', 'eurynome-cloud-upms-rest', '/microservice/supplier');
INSERT INTO "sys_authority"("authority_id", "create_time", "ranking", "update_time", "description", "is_reserved", "reversion", "status", "authority_code", "authority_name", "authority_type", "class_name", "menu_class", "method_name", "parent_id", "request_method", "service_id", "url") VALUES ('45DAB51703AA14D94FB54514CF17B5A6', '2020-05-09 11:44:46.055', 0, '2020-05-09 11:44:46.055', NULL, 'f', 0, 1, 'OP_45DAB51703AA14D94FB54514CF17B5A6', '保存或更新应用', 'API', 'cn.herodotus.eurynome.upms.rest.controller.development.SupplierController', 'fa fa-caret-right', 'saveOrUpdate', 'eurynome-cloud-upms-rest', 'POST', 'eurynome-cloud-upms-rest', '/microservice/supplier');
INSERT INTO "sys_authority"("authority_id", "create_time", "ranking", "update_time", "description", "is_reserved", "reversion", "status", "authority_code", "authority_name", "authority_type", "class_name", "menu_class", "method_name", "parent_id", "request_method", "service_id", "url") VALUES ('BD45541BABB9502D0A0C5E585ED41336', '2020-05-09 11:44:46.057', 0, '2020-05-09 11:44:46.057', NULL, 'f', 0, 1, 'OP_BD45541BABB9502D0A0C5E585ED41336', '获取应用分页数据', 'API', 'cn.herodotus.eurynome.upms.rest.controller.development.SupplierController', 'fa fa-caret-right', 'findByPage', 'eurynome-cloud-upms-rest', 'GET', 'eurynome-cloud-upms-rest', '/microservice/supplier');
INSERT INTO "sys_authority"("authority_id", "create_time", "ranking", "update_time", "description", "is_reserved", "reversion", "status", "authority_code", "authority_name", "authority_type", "class_name", "menu_class", "method_name", "parent_id", "request_method", "service_id", "url") VALUES ('A2F8642F5E77FE9816E355D63E05A711', '2020-05-09 11:44:46.059', 0, '2020-05-09 11:44:46.059', NULL, 'f', 0, 1, 'OP_A2F8642F5E77FE9816E355D63E05A711', '删除应用', 'API', 'cn.herodotus.eurynome.upms.rest.controller.hr.SysDepartmentController', 'fa fa-caret-right', 'delete', 'eurynome-cloud-upms-rest', 'DELETE', 'eurynome-cloud-upms-rest', '/department');
INSERT INTO "sys_authority"("authority_id", "create_time", "ranking", "update_time", "description", "is_reserved", "reversion", "status", "authority_code", "authority_name", "authority_type", "class_name", "menu_class", "method_name", "parent_id", "request_method", "service_id", "url") VALUES ('54050225E4D9CFEAD592DCEB2A26DD36', '2020-05-09 11:44:46.061', 0, '2020-05-09 11:44:46.061', NULL, 'f', 0, 1, 'OP_54050225E4D9CFEAD592DCEB2A26DD36', '保存或更新应用', 'API', 'cn.herodotus.eurynome.upms.rest.controller.hr.SysDepartmentController', 'fa fa-caret-right', 'saveOrUpdate', 'eurynome-cloud-upms-rest', 'POST', 'eurynome-cloud-upms-rest', '/department');
INSERT INTO "sys_authority"("authority_id", "create_time", "ranking", "update_time", "description", "is_reserved", "reversion", "status", "authority_code", "authority_name", "authority_type", "class_name", "menu_class", "method_name", "parent_id", "request_method", "service_id", "url") VALUES ('51426179C0D4EDDBE152B852A3C1DFED', '2020-05-09 11:44:46.063', 0, '2020-05-09 11:44:46.063', NULL, 'f', 0, 1, 'OP_51426179C0D4EDDBE152B852A3C1DFED', '获取应用分页数据', 'API', 'cn.herodotus.eurynome.upms.rest.controller.hr.SysDepartmentController', 'fa fa-caret-right', 'findByPage', 'eurynome-cloud-upms-rest', 'GET', 'eurynome-cloud-upms-rest', '/department');
INSERT INTO "sys_authority"("authority_id", "create_time", "ranking", "update_time", "description", "is_reserved", "reversion", "status", "authority_code", "authority_name", "authority_type", "class_name", "menu_class", "method_name", "parent_id", "request_method", "service_id", "url") VALUES ('7C120C6B7133C9B10261D74E64CA0111', '2020-05-09 11:44:46.065', 0, '2020-05-09 11:44:46.065', NULL, 'f', 0, 1, 'OP_7C120C6B7133C9B10261D74E64CA0111', '删除应用', 'API', 'cn.herodotus.eurynome.upms.rest.controller.hr.SysEmployeeController', 'fa fa-caret-right', 'delete', 'eurynome-cloud-upms-rest', 'DELETE', 'eurynome-cloud-upms-rest', '/employee');
INSERT INTO "sys_authority"("authority_id", "create_time", "ranking", "update_time", "description", "is_reserved", "reversion", "status", "authority_code", "authority_name", "authority_type", "class_name", "menu_class", "method_name", "parent_id", "request_method", "service_id", "url") VALUES ('6F26B76AC932FA547B91D0A9954E8264', '2020-05-09 11:44:46.116', 0, '2020-05-09 11:44:46.116', NULL, 'f', 0, 1, 'OP_6F26B76AC932FA547B91D0A9954E8264', '保存或更新应用', 'API', 'cn.herodotus.eurynome.upms.rest.controller.hr.SysEmployeeController', 'fa fa-caret-right', 'saveOrUpdate', 'eurynome-cloud-upms-rest', 'POST', 'eurynome-cloud-upms-rest', '/employee');
INSERT INTO "sys_authority"("authority_id", "create_time", "ranking", "update_time", "description", "is_reserved", "reversion", "status", "authority_code", "authority_name", "authority_type", "class_name", "menu_class", "method_name", "parent_id", "request_method", "service_id", "url") VALUES ('0B2FCC73CF7B182598D2D1A3C2F6E301', '2020-05-09 11:44:46.12', 0, '2020-05-09 11:44:46.12', NULL, 'f', 0, 1, 'OP_0B2FCC73CF7B182598D2D1A3C2F6E301', '获取应用分页数据', 'API', 'cn.herodotus.eurynome.upms.rest.controller.hr.SysEmployeeController', 'fa fa-caret-right', 'findByPage', 'eurynome-cloud-upms-rest', 'GET', 'eurynome-cloud-upms-rest', '/employee');
INSERT INTO "sys_authority"("authority_id", "create_time", "ranking", "update_time", "description", "is_reserved", "reversion", "status", "authority_code", "authority_name", "authority_type", "class_name", "menu_class", "method_name", "parent_id", "request_method", "service_id", "url") VALUES ('D38C82B6C76E8648EB42E5FE07832A4D', '2020-05-09 11:44:46.122', 0, '2020-05-09 11:44:46.122', NULL, 'f', 0, 1, 'OP_D38C82B6C76E8648EB42E5FE07832A4D', '删除应用', 'API', 'cn.herodotus.eurynome.upms.rest.controller.hr.SysOrganizationController', 'fa fa-caret-right', 'delete', 'eurynome-cloud-upms-rest', 'DELETE', 'eurynome-cloud-upms-rest', '/organization');
INSERT INTO "sys_authority"("authority_id", "create_time", "ranking", "update_time", "description", "is_reserved", "reversion", "status", "authority_code", "authority_name", "authority_type", "class_name", "menu_class", "method_name", "parent_id", "request_method", "service_id", "url") VALUES ('E40A65B0D906ABE3770A37FA2A070746', '2020-05-09 11:44:46.124', 0, '2020-05-09 11:44:46.124', NULL, 'f', 0, 1, 'OP_E40A65B0D906ABE3770A37FA2A070746', '保存或更新应用', 'API', 'cn.herodotus.eurynome.upms.rest.controller.hr.SysOrganizationController', 'fa fa-caret-right', 'saveOrUpdate', 'eurynome-cloud-upms-rest', 'POST', 'eurynome-cloud-upms-rest', '/organization');
INSERT INTO "sys_authority"("authority_id", "create_time", "ranking", "update_time", "description", "is_reserved", "reversion", "status", "authority_code", "authority_name", "authority_type", "class_name", "menu_class", "method_name", "parent_id", "request_method", "service_id", "url") VALUES ('5B2C1676D78A0ACB68E3F6AAC5C9EAFA', '2020-05-09 11:44:46.126', 0, '2020-05-09 11:44:46.126', NULL, 'f', 0, 1, 'OP_5B2C1676D78A0ACB68E3F6AAC5C9EAFA', '获取应用分页数据', 'API', 'cn.herodotus.eurynome.upms.rest.controller.hr.SysOrganizationController', 'fa fa-caret-right', 'findByPage', 'eurynome-cloud-upms-rest', 'GET', 'eurynome-cloud-upms-rest', '/organization');
INSERT INTO "sys_authority"("authority_id", "create_time", "ranking", "update_time", "description", "is_reserved", "reversion", "status", "authority_code", "authority_name", "authority_type", "class_name", "menu_class", "method_name", "parent_id", "request_method", "service_id", "url") VALUES ('21DFE4423B5D957D57074E6CD26AB75A', '2020-05-09 11:44:46.136', 0, '2020-05-09 11:44:46.136', NULL, 'f', 0, 1, 'OP_21DFE4423B5D957D57074E6CD26AB75A', '删除应用', 'API', 'cn.herodotus.eurynome.upms.rest.controller.hr.SysPositionController', 'fa fa-caret-right', 'delete', 'eurynome-cloud-upms-rest', 'DELETE', 'eurynome-cloud-upms-rest', '/position');
INSERT INTO "sys_authority"("authority_id", "create_time", "ranking", "update_time", "description", "is_reserved", "reversion", "status", "authority_code", "authority_name", "authority_type", "class_name", "menu_class", "method_name", "parent_id", "request_method", "service_id", "url") VALUES ('3FBFC9572D36CAA3455317ACADBAC0E8', '2020-05-09 11:44:46.139', 0, '2020-05-09 11:44:46.139', NULL, 'f', 0, 1, 'OP_3FBFC9572D36CAA3455317ACADBAC0E8', '保存或更新应用', 'API', 'cn.herodotus.eurynome.upms.rest.controller.hr.SysPositionController', 'fa fa-caret-right', 'saveOrUpdate', 'eurynome-cloud-upms-rest', 'POST', 'eurynome-cloud-upms-rest', '/position');
INSERT INTO "sys_authority"("authority_id", "create_time", "ranking", "update_time", "description", "is_reserved", "reversion", "status", "authority_code", "authority_name", "authority_type", "class_name", "menu_class", "method_name", "parent_id", "request_method", "service_id", "url") VALUES ('7033C1DAF7D6BF5408D8ADCA08470B3A', '2020-05-09 11:44:46.14', 0, '2020-05-09 11:44:46.14', NULL, 'f', 0, 1, 'OP_7033C1DAF7D6BF5408D8ADCA08470B3A', '获取应用分页数据', 'API', 'cn.herodotus.eurynome.upms.rest.controller.hr.SysPositionController', 'fa fa-caret-right', 'findByPage', 'eurynome-cloud-upms-rest', 'GET', 'eurynome-cloud-upms-rest', '/position');
INSERT INTO "sys_authority"("authority_id", "create_time", "ranking", "update_time", "description", "is_reserved", "reversion", "status", "authority_code", "authority_name", "authority_type", "class_name", "menu_class", "method_name", "parent_id", "request_method", "service_id", "url") VALUES ('3B06ABF5684577B180A80D1E2006F875', '2020-05-09 11:44:46.142', 0, '2020-05-09 11:44:46.142', NULL, 'f', 0, 1, 'OP_3B06ABF5684577B180A80D1E2006F875', '给应用分配Scope', 'API', 'cn.herodotus.eurynome.upms.rest.controller.oauth.OauthApplicationsController', 'fa fa-caret-right', 'assign', 'eurynome-cloud-upms-rest', 'PUT', 'eurynome-cloud-upms-rest', '/oauth/applications');
INSERT INTO "sys_authority"("authority_id", "create_time", "ranking", "update_time", "description", "is_reserved", "reversion", "status", "authority_code", "authority_name", "authority_type", "class_name", "menu_class", "method_name", "parent_id", "request_method", "service_id", "url") VALUES ('8BAE72B6D01374BA4F51923E7B4EBA38', '2020-05-09 11:44:46.144', 0, '2020-05-09 11:44:46.144', NULL, 'f', 0, 1, 'OP_8BAE72B6D01374BA4F51923E7B4EBA38', '删除应用', 'API', 'cn.herodotus.eurynome.upms.rest.controller.oauth.OauthApplicationsController', 'fa fa-caret-right', 'delete', 'eurynome-cloud-upms-rest', 'DELETE', 'eurynome-cloud-upms-rest', '/oauth/applications');
INSERT INTO "sys_authority"("authority_id", "create_time", "ranking", "update_time", "description", "is_reserved", "reversion", "status", "authority_code", "authority_name", "authority_type", "class_name", "menu_class", "method_name", "parent_id", "request_method", "service_id", "url") VALUES ('9D277A95DD863D98D0DFCA7C18629319', '2020-05-09 11:44:46.146', 0, '2020-05-09 11:44:46.146', NULL, 'f', 0, 1, 'OP_9D277A95DD863D98D0DFCA7C18629319', '保存或更新应用', 'API', 'cn.herodotus.eurynome.upms.rest.controller.oauth.OauthApplicationsController', 'fa fa-caret-right', 'saveOrUpdate', 'eurynome-cloud-upms-rest', 'POST', 'eurynome-cloud-upms-rest', '/oauth/applications');
INSERT INTO "sys_authority"("authority_id", "create_time", "ranking", "update_time", "description", "is_reserved", "reversion", "status", "authority_code", "authority_name", "authority_type", "class_name", "menu_class", "method_name", "parent_id", "request_method", "service_id", "url") VALUES ('57A35F0379BE0E5DEFA06A6B827652A0', '2020-05-09 11:44:46.147', 0, '2020-05-09 11:44:46.147', NULL, 'f', 0, 1, 'OP_57A35F0379BE0E5DEFA06A6B827652A0', '获取应用分页数据', 'API', 'cn.herodotus.eurynome.upms.rest.controller.oauth.OauthApplicationsController', 'fa fa-caret-right', 'findByPage', 'eurynome-cloud-upms-rest', 'GET', 'eurynome-cloud-upms-rest', '/oauth/applications');
INSERT INTO "sys_authority"("authority_id", "create_time", "ranking", "update_time", "description", "is_reserved", "reversion", "status", "authority_code", "authority_name", "authority_type", "class_name", "menu_class", "method_name", "parent_id", "request_method", "service_id", "url") VALUES ('8D9053938D3913A0EAD0AFD6CC349C55', '2020-05-09 11:44:46.149', 0, '2020-05-09 11:44:46.149', NULL, 'f', 0, 1, 'OP_8D9053938D3913A0EAD0AFD6CC349C55', '删除ClientDetails', 'API', 'cn.herodotus.eurynome.upms.rest.controller.oauth.OauthClientDetailsController', 'fa fa-caret-right', 'delete', 'eurynome-cloud-upms-rest', 'DELETE', 'eurynome-cloud-upms-rest', '/oauth/client_details');
INSERT INTO "sys_authority"("authority_id", "create_time", "ranking", "update_time", "description", "is_reserved", "reversion", "status", "authority_code", "authority_name", "authority_type", "class_name", "menu_class", "method_name", "parent_id", "request_method", "service_id", "url") VALUES ('D57FF27F43A5C3250E4F42E854D50BD0', '2020-05-09 11:44:46.15', 0, '2020-05-09 11:44:46.15', NULL, 'f', 0, 1, 'OP_D57FF27F43A5C3250E4F42E854D50BD0', '更新ClientDetails', 'API', 'cn.herodotus.eurynome.upms.rest.controller.oauth.OauthClientDetailsController', 'fa fa-caret-right', 'saveOrUpdate', 'eurynome-cloud-upms-rest', 'POST', 'eurynome-cloud-upms-rest', '/oauth/client_details');
INSERT INTO "sys_authority"("authority_id", "create_time", "ranking", "update_time", "description", "is_reserved", "reversion", "status", "authority_code", "authority_name", "authority_type", "class_name", "menu_class", "method_name", "parent_id", "request_method", "service_id", "url") VALUES ('7E84479E371E987E02C4AC84059E8521', '2020-05-09 11:44:46.152', 0, '2020-05-09 11:44:46.152', NULL, 'f', 0, 1, 'OP_7E84479E371E987E02C4AC84059E8521', '获取ClientDetails分页数据', 'API', 'cn.herodotus.eurynome.upms.rest.controller.oauth.OauthClientDetailsController', 'fa fa-caret-right', 'findByPage', 'eurynome-cloud-upms-rest', 'GET', 'eurynome-cloud-upms-rest', '/oauth/herodotus_client_details');
INSERT INTO "sys_authority"("authority_id", "create_time", "ranking", "update_time", "description", "is_reserved", "reversion", "status", "authority_code", "authority_name", "authority_type", "class_name", "menu_class", "method_name", "parent_id", "request_method", "service_id", "url") VALUES ('0C40DF5087487901D7289D070BE6A5F3', '2020-05-09 11:44:46.153', 0, '2020-05-09 11:44:46.153', NULL, 'f', 0, 1, 'OP_0C40DF5087487901D7289D070BE6A5F3', '获取终端信息', 'API', 'cn.herodotus.eurynome.upms.rest.controller.oauth.OauthClientDetailsController', 'fa fa-caret-right', 'findByClientId', 'eurynome-cloud-upms-rest', 'GET', 'eurynome-cloud-upms-rest', '/oauth/client_details');
INSERT INTO "sys_authority"("authority_id", "create_time", "ranking", "update_time", "description", "is_reserved", "reversion", "status", "authority_code", "authority_name", "authority_type", "class_name", "menu_class", "method_name", "parent_id", "request_method", "service_id", "url") VALUES ('55E57209883D7F491AB027865D928F3E', '2020-05-09 11:44:46.155', 0, '2020-05-09 11:44:46.155', NULL, 'f', 0, 1, 'OP_55E57209883D7F491AB027865D928F3E', '发布或更新微服务配置', 'API', 'cn.herodotus.eurynome.upms.rest.controller.oauth.OauthMicroservicesController', 'fa fa-caret-right', 'publishConfig', 'eurynome-cloud-upms-rest', 'POST', 'eurynome-cloud-upms-rest', '/oauth/microservices/config');
INSERT INTO "sys_authority"("authority_id", "create_time", "ranking", "update_time", "description", "is_reserved", "reversion", "status", "authority_code", "authority_name", "authority_type", "class_name", "menu_class", "method_name", "parent_id", "request_method", "service_id", "url") VALUES ('B52617D304261E88772219E1123C66BF', '2020-05-09 11:44:46.156', 0, '2020-05-09 11:44:46.156', NULL, 'f', 0, 1, 'OP_B52617D304261E88772219E1123C66BF', '删除微服务配置', 'API', 'cn.herodotus.eurynome.upms.rest.controller.oauth.OauthMicroservicesController', 'fa fa-caret-right', 'deleteConfig', 'eurynome-cloud-upms-rest', 'DELETE', 'eurynome-cloud-upms-rest', '/oauth/microservices/config');
INSERT INTO "sys_authority"("authority_id", "create_time", "ranking", "update_time", "description", "is_reserved", "reversion", "status", "authority_code", "authority_name", "authority_type", "class_name", "menu_class", "method_name", "parent_id", "request_method", "service_id", "url") VALUES ('89FE0FECF614E1F6DBD931FDF0BF1BBA', '2020-05-09 11:44:46.157', 0, '2020-05-09 11:44:46.157', NULL, 'f', 0, 1, 'OP_89FE0FECF614E1F6DBD931FDF0BF1BBA', '删除应用', 'API', 'cn.herodotus.eurynome.upms.rest.controller.oauth.OauthMicroservicesController', 'fa fa-caret-right', 'delete', 'eurynome-cloud-upms-rest', 'DELETE', 'eurynome-cloud-upms-rest', '/oauth/microservices');
INSERT INTO "sys_authority"("authority_id", "create_time", "ranking", "update_time", "description", "is_reserved", "reversion", "status", "authority_code", "authority_name", "authority_type", "class_name", "menu_class", "method_name", "parent_id", "request_method", "service_id", "url") VALUES ('BB20B366C03D4CE8E99DCBA624B4A890', '2020-05-09 11:44:46.159', 0, '2020-05-09 11:44:46.159', NULL, 'f', 0, 1, 'OP_BB20B366C03D4CE8E99DCBA624B4A890', '保存或更新应用', 'API', 'cn.herodotus.eurynome.upms.rest.controller.oauth.OauthMicroservicesController', 'fa fa-caret-right', 'saveOrUpdate', 'eurynome-cloud-upms-rest', 'POST', 'eurynome-cloud-upms-rest', '/oauth/microservices');
INSERT INTO "sys_authority"("authority_id", "create_time", "ranking", "update_time", "description", "is_reserved", "reversion", "status", "authority_code", "authority_name", "authority_type", "class_name", "menu_class", "method_name", "parent_id", "request_method", "service_id", "url") VALUES ('225F1519DFDE4D78E5E248F86123EF0A', '2020-05-09 11:44:46.162', 0, '2020-05-09 11:44:46.162', NULL, 'f', 0, 1, 'OP_225F1519DFDE4D78E5E248F86123EF0A', '获取应用分页数据', 'API', 'cn.herodotus.eurynome.upms.rest.controller.oauth.OauthMicroservicesController', 'fa fa-caret-right', 'findByPage', 'eurynome-cloud-upms-rest', 'GET', 'eurynome-cloud-upms-rest', '/oauth/microservices');
INSERT INTO "sys_authority"("authority_id", "create_time", "ranking", "update_time", "description", "is_reserved", "reversion", "status", "authority_code", "authority_name", "authority_type", "class_name", "menu_class", "method_name", "parent_id", "request_method", "service_id", "url") VALUES ('3A9AE5B5BDE67E9780968C67A2074C65', '2020-05-09 11:44:46.164', 0, '2020-05-09 11:44:46.164', NULL, 'f', 0, 1, 'OP_3A9AE5B5BDE67E9780968C67A2074C65', '给OauthScopes授权', 'API', 'cn.herodotus.eurynome.upms.rest.controller.oauth.OauthScopesController', 'fa fa-caret-right', 'authorize', 'eurynome-cloud-upms-rest', 'PUT', 'eurynome-cloud-upms-rest', '/oauth/scopes');
INSERT INTO "sys_authority"("authority_id", "create_time", "ranking", "update_time", "description", "is_reserved", "reversion", "status", "authority_code", "authority_name", "authority_type", "class_name", "menu_class", "method_name", "parent_id", "request_method", "service_id", "url") VALUES ('E4527364BEB8A7758C9E2FE7550B93FB', '2020-05-09 11:44:46.165', 0, '2020-05-09 11:44:46.165', NULL, 'f', 0, 1, 'OP_E4527364BEB8A7758C9E2FE7550B93FB', '删除应用', 'API', 'cn.herodotus.eurynome.upms.rest.controller.oauth.OauthScopesController', 'fa fa-caret-right', 'delete', 'eurynome-cloud-upms-rest', 'DELETE', 'eurynome-cloud-upms-rest', '/oauth/scopes');
INSERT INTO "sys_authority"("authority_id", "create_time", "ranking", "update_time", "description", "is_reserved", "reversion", "status", "authority_code", "authority_name", "authority_type", "class_name", "menu_class", "method_name", "parent_id", "request_method", "service_id", "url") VALUES ('3C68F899C590DB3649536E2DBA89E6FA', '2020-05-09 11:44:46.167', 0, '2020-05-09 11:44:46.167', NULL, 'f', 0, 1, 'OP_3C68F899C590DB3649536E2DBA89E6FA', '保存或更新应用', 'API', 'cn.herodotus.eurynome.upms.rest.controller.oauth.OauthScopesController', 'fa fa-caret-right', 'saveOrUpdate', 'eurynome-cloud-upms-rest', 'POST', 'eurynome-cloud-upms-rest', '/oauth/scopes');
INSERT INTO "sys_authority"("authority_id", "create_time", "ranking", "update_time", "description", "is_reserved", "reversion", "status", "authority_code", "authority_name", "authority_type", "class_name", "menu_class", "method_name", "parent_id", "request_method", "service_id", "url") VALUES ('4DEB9E2CF286A2C430041B3454CB3EF6', '2020-05-09 11:44:46.168', 0, '2020-05-09 11:44:46.168', NULL, 'f', 0, 1, 'OP_4DEB9E2CF286A2C430041B3454CB3EF6', '获取应用分页数据', 'API', 'cn.herodotus.eurynome.upms.rest.controller.oauth.OauthScopesController', 'fa fa-caret-right', 'findByPage', 'eurynome-cloud-upms-rest', 'GET', 'eurynome-cloud-upms-rest', '/oauth/scopes');
INSERT INTO "sys_authority"("authority_id", "create_time", "ranking", "update_time", "description", "is_reserved", "reversion", "status", "authority_code", "authority_name", "authority_type", "class_name", "menu_class", "method_name", "parent_id", "request_method", "service_id", "url") VALUES ('47D2EDAB00A61B7F4B55B9D9F9D7B303', '2020-05-09 11:44:46.17', 0, '2020-05-09 11:44:46.17', NULL, 'f', 0, 1, 'OP_47D2EDAB00A61B7F4B55B9D9F9D7B303', '删除应用', 'API', 'cn.herodotus.eurynome.upms.rest.controller.social.WeappUserController', 'fa fa-caret-right', 'delete', 'eurynome-cloud-upms-rest', 'DELETE', 'eurynome-cloud-upms-rest', '/weapp/user');
INSERT INTO "sys_authority"("authority_id", "create_time", "ranking", "update_time", "description", "is_reserved", "reversion", "status", "authority_code", "authority_name", "authority_type", "class_name", "menu_class", "method_name", "parent_id", "request_method", "service_id", "url") VALUES ('5440A91DEC74F2AE70606942387FAB5E', '2020-05-09 11:44:46.171', 0, '2020-05-09 11:44:46.171', NULL, 'f', 0, 1, 'OP_5440A91DEC74F2AE70606942387FAB5E', '保存或更新应用', 'API', 'cn.herodotus.eurynome.upms.rest.controller.social.WeappUserController', 'fa fa-caret-right', 'saveOrUpdate', 'eurynome-cloud-upms-rest', 'POST', 'eurynome-cloud-upms-rest', '/weapp/user');
INSERT INTO "sys_authority"("authority_id", "create_time", "ranking", "update_time", "description", "is_reserved", "reversion", "status", "authority_code", "authority_name", "authority_type", "class_name", "menu_class", "method_name", "parent_id", "request_method", "service_id", "url") VALUES ('C27EBD0218A11AFB46780A3214544BEA', '2020-05-09 11:44:46.172', 0, '2020-05-09 11:44:46.172', NULL, 'f', 0, 1, 'OP_C27EBD0218A11AFB46780A3214544BEA', '获取应用分页数据', 'API', 'cn.herodotus.eurynome.upms.rest.controller.social.WeappUserController', 'fa fa-caret-right', 'findByPage', 'eurynome-cloud-upms-rest', 'GET', 'eurynome-cloud-upms-rest', '/weapp/user');
INSERT INTO "sys_authority"("authority_id", "create_time", "ranking", "update_time", "description", "is_reserved", "reversion", "status", "authority_code", "authority_name", "authority_type", "class_name", "menu_class", "method_name", "parent_id", "request_method", "service_id", "url") VALUES ('7E888FDDED14A3FC29FE5428A8643DAE', '2020-05-09 11:44:46.173', 0, '2020-05-09 11:44:46.173', NULL, 'f', 0, 1, 'OP_7E888FDDED14A3FC29FE5428A8643DAE', '获取全部API接口', 'API', 'cn.herodotus.eurynome.upms.rest.controller.system.SysAuthorityController', 'fa fa-caret-right', 'findAllApis', 'eurynome-cloud-upms-rest', 'GET', 'eurynome-cloud-upms-rest', '/authority/apis');
INSERT INTO "sys_authority"("authority_id", "create_time", "ranking", "update_time", "description", "is_reserved", "reversion", "status", "authority_code", "authority_name", "authority_type", "class_name", "menu_class", "method_name", "parent_id", "request_method", "service_id", "url") VALUES ('854F5DCCE6A4D58B9874FB3DEAC64327', '2020-05-09 11:44:46.175', 0, '2020-05-09 11:44:46.175', NULL, 'f', 0, 1, 'OP_854F5DCCE6A4D58B9874FB3DEAC64327', '获取权限树', 'API', 'cn.herodotus.eurynome.upms.rest.controller.system.SysAuthorityController', 'fa fa-caret-right', 'findTree', 'eurynome-cloud-upms-rest', 'GET', 'eurynome-cloud-upms-rest', '/authority/tree');
INSERT INTO "sys_authority"("authority_id", "create_time", "ranking", "update_time", "description", "is_reserved", "reversion", "status", "authority_code", "authority_name", "authority_type", "class_name", "menu_class", "method_name", "parent_id", "request_method", "service_id", "url") VALUES ('5BE68A2A073998C908E1852E34413BF2', '2020-05-09 11:44:46.176', 0, '2020-05-09 11:44:46.176', NULL, 'f', 0, 1, 'OP_5BE68A2A073998C908E1852E34413BF2', '删除应用', 'API', 'cn.herodotus.eurynome.upms.rest.controller.system.SysAuthorityController', 'fa fa-caret-right', 'delete', 'eurynome-cloud-upms-rest', 'DELETE', 'eurynome-cloud-upms-rest', '/authority');
INSERT INTO "sys_authority"("authority_id", "create_time", "ranking", "update_time", "description", "is_reserved", "reversion", "status", "authority_code", "authority_name", "authority_type", "class_name", "menu_class", "method_name", "parent_id", "request_method", "service_id", "url") VALUES ('BC5883702A1D5034F12F0E948F9C2E18', '2020-05-09 11:44:46.177', 0, '2020-05-09 11:44:46.177', NULL, 'f', 0, 1, 'OP_BC5883702A1D5034F12F0E948F9C2E18', '保存或更新应用', 'API', 'cn.herodotus.eurynome.upms.rest.controller.system.SysAuthorityController', 'fa fa-caret-right', 'saveOrUpdate', 'eurynome-cloud-upms-rest', 'POST', 'eurynome-cloud-upms-rest', '/authority');
INSERT INTO "sys_authority"("authority_id", "create_time", "ranking", "update_time", "description", "is_reserved", "reversion", "status", "authority_code", "authority_name", "authority_type", "class_name", "menu_class", "method_name", "parent_id", "request_method", "service_id", "url") VALUES ('E216C8D08F0431635EDE3A14A9E0FBD8', '2020-05-09 11:44:46.179', 0, '2020-05-09 11:44:46.179', NULL, 'f', 0, 1, 'OP_E216C8D08F0431635EDE3A14A9E0FBD8', '获取应用分页数据', 'API', 'cn.herodotus.eurynome.upms.rest.controller.system.SysAuthorityController', 'fa fa-caret-right', 'findByPage', 'eurynome-cloud-upms-rest', 'GET', 'eurynome-cloud-upms-rest', '/authority');
INSERT INTO "sys_authority"("authority_id", "create_time", "ranking", "update_time", "description", "is_reserved", "reversion", "status", "authority_code", "authority_name", "authority_type", "class_name", "menu_class", "method_name", "parent_id", "request_method", "service_id", "url") VALUES ('F11ABE0D2A8AC9E4BBD4A5E3289DC36F', '2020-05-09 11:44:46.18', 0, '2020-05-09 11:44:46.18', NULL, 'f', 0, 1, 'OP_F11ABE0D2A8AC9E4BBD4A5E3289DC36F', '给角色授权', 'API', 'cn.herodotus.eurynome.upms.rest.controller.system.SysRoleController', 'fa fa-caret-right', 'authorize', 'eurynome-cloud-upms-rest', 'PUT', 'eurynome-cloud-upms-rest', '/role');
INSERT INTO "sys_authority"("authority_id", "create_time", "ranking", "update_time", "description", "is_reserved", "reversion", "status", "authority_code", "authority_name", "authority_type", "class_name", "menu_class", "method_name", "parent_id", "request_method", "service_id", "url") VALUES ('2921B8DD87AC0A0572A0AD2ADA3700CC', '2020-05-09 11:44:46.182', 0, '2020-05-09 11:44:46.182', NULL, 'f', 0, 1, 'OP_2921B8DD87AC0A0572A0AD2ADA3700CC', '删除应用', 'API', 'cn.herodotus.eurynome.upms.rest.controller.system.SysRoleController', 'fa fa-caret-right', 'delete', 'eurynome-cloud-upms-rest', 'DELETE', 'eurynome-cloud-upms-rest', '/role');
INSERT INTO "sys_authority"("authority_id", "create_time", "ranking", "update_time", "description", "is_reserved", "reversion", "status", "authority_code", "authority_name", "authority_type", "class_name", "menu_class", "method_name", "parent_id", "request_method", "service_id", "url") VALUES ('1B48311C5C4C187B89DB4EF4CBDB9031', '2020-05-09 11:44:46.183', 0, '2020-05-09 11:44:46.183', NULL, 'f', 0, 1, 'OP_1B48311C5C4C187B89DB4EF4CBDB9031', '保存或更新应用', 'API', 'cn.herodotus.eurynome.upms.rest.controller.system.SysRoleController', 'fa fa-caret-right', 'saveOrUpdate', 'eurynome-cloud-upms-rest', 'POST', 'eurynome-cloud-upms-rest', '/role');
INSERT INTO "sys_authority"("authority_id", "create_time", "ranking", "update_time", "description", "is_reserved", "reversion", "status", "authority_code", "authority_name", "authority_type", "class_name", "menu_class", "method_name", "parent_id", "request_method", "service_id", "url") VALUES ('AA601A4FF79760117698E92F48825197', '2020-05-09 11:44:46.183', 0, '2020-05-09 11:44:46.183', NULL, 'f', 0, 1, 'OP_AA601A4FF79760117698E92F48825197', '获取应用分页数据', 'API', 'cn.herodotus.eurynome.upms.rest.controller.system.SysRoleController', 'fa fa-caret-right', 'findByPage', 'eurynome-cloud-upms-rest', 'GET', 'eurynome-cloud-upms-rest', '/role');
INSERT INTO "sys_authority"("authority_id", "create_time", "ranking", "update_time", "description", "is_reserved", "reversion", "status", "authority_code", "authority_name", "authority_type", "class_name", "menu_class", "method_name", "parent_id", "request_method", "service_id", "url") VALUES ('19AB51F06AD73E188C7FB73EA8305908', '2020-05-09 11:44:46.185', 0, '2020-05-09 11:44:46.185', NULL, 'f', 0, 1, 'OP_19AB51F06AD73E188C7FB73EA8305908', '删除用户', 'API', 'cn.herodotus.eurynome.upms.rest.controller.system.SysUserController', 'fa fa-caret-right', 'delete', 'eurynome-cloud-upms-rest', 'DELETE', 'eurynome-cloud-upms-rest', '/user');
INSERT INTO "sys_authority"("authority_id", "create_time", "ranking", "update_time", "description", "is_reserved", "reversion", "status", "authority_code", "authority_name", "authority_type", "class_name", "menu_class", "method_name", "parent_id", "request_method", "service_id", "url") VALUES ('92FC5418588F93924BFE44F4DC3BAE8A', '2020-05-09 11:44:46.187', 0, '2020-05-09 11:44:46.187', NULL, 'f', 0, 1, 'OP_92FC5418588F93924BFE44F4DC3BAE8A', '给用户分配角色', 'API', 'cn.herodotus.eurynome.upms.rest.controller.system.SysUserController', 'fa fa-caret-right', 'assign', 'eurynome-cloud-upms-rest', 'PUT', 'eurynome-cloud-upms-rest', '/user');
INSERT INTO "sys_authority"("authority_id", "create_time", "ranking", "update_time", "description", "is_reserved", "reversion", "status", "authority_code", "authority_name", "authority_type", "class_name", "menu_class", "method_name", "parent_id", "request_method", "service_id", "url") VALUES ('3A22829E82E514D6C43D5739E659BE45', '2020-05-09 11:44:46.188', 0, '2020-05-09 11:44:46.188', NULL, 'f', 0, 1, 'OP_3A22829E82E514D6C43D5739E659BE45', '保存或更新用户', 'API', 'cn.herodotus.eurynome.upms.rest.controller.system.SysUserController', 'fa fa-caret-right', 'saveOrUpdate', 'eurynome-cloud-upms-rest', 'POST', 'eurynome-cloud-upms-rest', '/user');
INSERT INTO "sys_authority"("authority_id", "create_time", "ranking", "update_time", "description", "is_reserved", "reversion", "status", "authority_code", "authority_name", "authority_type", "class_name", "menu_class", "method_name", "parent_id", "request_method", "service_id", "url") VALUES ('B9F9A62E9E00E743A832436519AC3E97', '2020-05-09 11:44:46.189', 0, '2020-05-09 11:44:46.189', NULL, 'f', 0, 1, 'OP_B9F9A62E9E00E743A832436519AC3E97', '查询用户', 'API', 'cn.herodotus.eurynome.upms.rest.controller.system.SysUserController', 'fa fa-caret-right', 'findById', 'eurynome-cloud-upms-rest', 'POST', 'eurynome-cloud-upms-rest', '/user/findById');
INSERT INTO "sys_authority"("authority_id", "create_time", "ranking", "update_time", "description", "is_reserved", "reversion", "status", "authority_code", "authority_name", "authority_type", "class_name", "menu_class", "method_name", "parent_id", "request_method", "service_id", "url") VALUES ('A9B9CF267F451EDF69356C8624063AF2', '2020-05-09 11:44:46.19', 0, '2020-05-09 11:44:46.19', NULL, 'f', 0, 1, 'OP_A9B9CF267F451EDF69356C8624063AF2', '获取用户分页数据', 'API', 'cn.herodotus.eurynome.upms.rest.controller.system.SysUserController', 'fa fa-caret-right', 'findByPage', 'eurynome-cloud-upms-rest', 'GET', 'eurynome-cloud-upms-rest', '/user');
INSERT INTO "sys_authority"("authority_id", "create_time", "ranking", "update_time", "description", "is_reserved", "reversion", "status", "authority_code", "authority_name", "authority_type", "class_name", "menu_class", "method_name", "parent_id", "request_method", "service_id", "url") VALUES ('AF75A8DE6B2F439FC486A9CC142A5F5D', '2020-05-09 11:44:46.192', 0, '2020-05-09 11:44:46.192', NULL, 'f', 0, 1, 'OP_AF75A8DE6B2F439FC486A9CC142A5F5D', '登录系统', 'API', 'cn.herodotus.eurynome.upms.rest.controller.system.SysUserController', 'fa fa-caret-right', 'findByUsername', 'eurynome-cloud-upms-rest', 'POST', 'eurynome-cloud-upms-rest', '/user/findByUsername');

-- ----------------------------
-- Table data for sys_role_authority
-- ----------------------------
INSERT INTO "sys_role_authority"("role_id", "authority_id") VALUES ('1', '653E29696A6AFB83F963D5D29FDE0CF7');
INSERT INTO "sys_role_authority"("role_id", "authority_id") VALUES ('1', '98748C7FF68201C643EBB59C9F10BD06');
INSERT INTO "sys_role_authority"("role_id", "authority_id") VALUES ('1', 'AE7BE9D6F5739F7E125F87DF573407CF');
INSERT INTO "sys_role_authority"("role_id", "authority_id") VALUES ('1', '45DAB51703AA14D94FB54514CF17B5A6');
INSERT INTO "sys_role_authority"("role_id", "authority_id") VALUES ('1', 'BD45541BABB9502D0A0C5E585ED41336');
INSERT INTO "sys_role_authority"("role_id", "authority_id") VALUES ('1', 'A2F8642F5E77FE9816E355D63E05A711');
INSERT INTO "sys_role_authority"("role_id", "authority_id") VALUES ('1', '54050225E4D9CFEAD592DCEB2A26DD36');
INSERT INTO "sys_role_authority"("role_id", "authority_id") VALUES ('1', '51426179C0D4EDDBE152B852A3C1DFED');
INSERT INTO "sys_role_authority"("role_id", "authority_id") VALUES ('1', '7C120C6B7133C9B10261D74E64CA0111');
INSERT INTO "sys_role_authority"("role_id", "authority_id") VALUES ('1', '6F26B76AC932FA547B91D0A9954E8264');
INSERT INTO "sys_role_authority"("role_id", "authority_id") VALUES ('1', '0B2FCC73CF7B182598D2D1A3C2F6E301');
INSERT INTO "sys_role_authority"("role_id", "authority_id") VALUES ('1', 'D38C82B6C76E8648EB42E5FE07832A4D');
INSERT INTO "sys_role_authority"("role_id", "authority_id") VALUES ('1', 'E40A65B0D906ABE3770A37FA2A070746');
INSERT INTO "sys_role_authority"("role_id", "authority_id") VALUES ('1', '5B2C1676D78A0ACB68E3F6AAC5C9EAFA');
INSERT INTO "sys_role_authority"("role_id", "authority_id") VALUES ('1', '21DFE4423B5D957D57074E6CD26AB75A');
INSERT INTO "sys_role_authority"("role_id", "authority_id") VALUES ('1', '3FBFC9572D36CAA3455317ACADBAC0E8');
INSERT INTO "sys_role_authority"("role_id", "authority_id") VALUES ('1', '7033C1DAF7D6BF5408D8ADCA08470B3A');
INSERT INTO "sys_role_authority"("role_id", "authority_id") VALUES ('1', '3B06ABF5684577B180A80D1E2006F875');
INSERT INTO "sys_role_authority"("role_id", "authority_id") VALUES ('1', '8BAE72B6D01374BA4F51923E7B4EBA38');
INSERT INTO "sys_role_authority"("role_id", "authority_id") VALUES ('1', '9D277A95DD863D98D0DFCA7C18629319');
INSERT INTO "sys_role_authority"("role_id", "authority_id") VALUES ('1', '57A35F0379BE0E5DEFA06A6B827652A0');
INSERT INTO "sys_role_authority"("role_id", "authority_id") VALUES ('1', '8D9053938D3913A0EAD0AFD6CC349C55');
INSERT INTO "sys_role_authority"("role_id", "authority_id") VALUES ('1', 'D57FF27F43A5C3250E4F42E854D50BD0');
INSERT INTO "sys_role_authority"("role_id", "authority_id") VALUES ('1', '7E84479E371E987E02C4AC84059E8521');
INSERT INTO "sys_role_authority"("role_id", "authority_id") VALUES ('1', '0C40DF5087487901D7289D070BE6A5F3');
INSERT INTO "sys_role_authority"("role_id", "authority_id") VALUES ('1', '55E57209883D7F491AB027865D928F3E');
INSERT INTO "sys_role_authority"("role_id", "authority_id") VALUES ('1', 'B52617D304261E88772219E1123C66BF');
INSERT INTO "sys_role_authority"("role_id", "authority_id") VALUES ('1', '89FE0FECF614E1F6DBD931FDF0BF1BBA');
INSERT INTO "sys_role_authority"("role_id", "authority_id") VALUES ('1', 'BB20B366C03D4CE8E99DCBA624B4A890');
INSERT INTO "sys_role_authority"("role_id", "authority_id") VALUES ('1', '225F1519DFDE4D78E5E248F86123EF0A');
INSERT INTO "sys_role_authority"("role_id", "authority_id") VALUES ('1', '3A9AE5B5BDE67E9780968C67A2074C65');
INSERT INTO "sys_role_authority"("role_id", "authority_id") VALUES ('1', 'E4527364BEB8A7758C9E2FE7550B93FB');
INSERT INTO "sys_role_authority"("role_id", "authority_id") VALUES ('1', '3C68F899C590DB3649536E2DBA89E6FA');
INSERT INTO "sys_role_authority"("role_id", "authority_id") VALUES ('1', '4DEB9E2CF286A2C430041B3454CB3EF6');
INSERT INTO "sys_role_authority"("role_id", "authority_id") VALUES ('1', '47D2EDAB00A61B7F4B55B9D9F9D7B303');
INSERT INTO "sys_role_authority"("role_id", "authority_id") VALUES ('1', '5440A91DEC74F2AE70606942387FAB5E');
INSERT INTO "sys_role_authority"("role_id", "authority_id") VALUES ('1', 'C27EBD0218A11AFB46780A3214544BEA');
INSERT INTO "sys_role_authority"("role_id", "authority_id") VALUES ('1', '7E888FDDED14A3FC29FE5428A8643DAE');
INSERT INTO "sys_role_authority"("role_id", "authority_id") VALUES ('1', '854F5DCCE6A4D58B9874FB3DEAC64327');
INSERT INTO "sys_role_authority"("role_id", "authority_id") VALUES ('1', '5BE68A2A073998C908E1852E34413BF2');
INSERT INTO "sys_role_authority"("role_id", "authority_id") VALUES ('1', 'BC5883702A1D5034F12F0E948F9C2E18');
INSERT INTO "sys_role_authority"("role_id", "authority_id") VALUES ('1', 'E216C8D08F0431635EDE3A14A9E0FBD8');
INSERT INTO "sys_role_authority"("role_id", "authority_id") VALUES ('1', 'F11ABE0D2A8AC9E4BBD4A5E3289DC36F');
INSERT INTO "sys_role_authority"("role_id", "authority_id") VALUES ('1', '2921B8DD87AC0A0572A0AD2ADA3700CC');
INSERT INTO "sys_role_authority"("role_id", "authority_id") VALUES ('1', '1B48311C5C4C187B89DB4EF4CBDB9031');
INSERT INTO "sys_role_authority"("role_id", "authority_id") VALUES ('1', 'AA601A4FF79760117698E92F48825197');
INSERT INTO "sys_role_authority"("role_id", "authority_id") VALUES ('1', '19AB51F06AD73E188C7FB73EA8305908');
INSERT INTO "sys_role_authority"("role_id", "authority_id") VALUES ('1', '92FC5418588F93924BFE44F4DC3BAE8A');
INSERT INTO "sys_role_authority"("role_id", "authority_id") VALUES ('1', '3A22829E82E514D6C43D5739E659BE45');
INSERT INTO "sys_role_authority"("role_id", "authority_id") VALUES ('1', 'B9F9A62E9E00E743A832436519AC3E97');
INSERT INTO "sys_role_authority"("role_id", "authority_id") VALUES ('1', 'A9B9CF267F451EDF69356C8624063AF2');
INSERT INTO "sys_role_authority"("role_id", "authority_id") VALUES ('1', 'AF75A8DE6B2F439FC486A9CC142A5F5D');





