-- ----------------------------
-- Table data for dev_supplier
-- ----------------------------
INSERT INTO "dev_supplier"("supplier_id", "create_time", "ranking", "update_time", "description", "is_reserved", "reversion", "status", "parent_id", "supplier_code", "supplier_name", "supplier_type") VALUES ('067fc1c8-f3e1-4f41-9c7c-0bd4f885bf9e', '2020-05-05 17:13:00.067', 0, '2020-05-05 17:13:00.067', '', 't', 0, 1, NULL, 'HERODOTUS', '业务中台架构及开发团队', 'CORE');

-- ----------------------------
-- Table data for oauth_microservices
-- ----------------------------
INSERT INTO "oauth_microservices"("service_id", "create_time", "ranking", "update_time", "description", "is_reserved", "reversion", "status", "app_code", "app_name", "app_secret", "app_type", "supplier_id") VALUES ('004b87d8-0a18-4e62-a35c-f2f123713349', '2020-05-06 11:24:06.377', 0, '2020-05-06 11:24:06.377', '', 't', 0, 1, 'eurynome-cloud-upms-ability', '业务中台用户中心服务', '2bda7d3a-dba1-45a4-b08e-cbd731a0418e', 1, '067fc1c8-f3e1-4f41-9c7c-0bd4f885bf9e');
INSERT INTO "oauth_microservices"("service_id", "create_time", "ranking", "update_time", "description", "is_reserved", "reversion", "status", "app_code", "app_name", "app_secret", "app_type", "supplier_id") VALUES ('e2a746fc-cb1a-49c3-9436-67004117b039', '2020-06-19 16:57:59.565', 2, '2020-06-19 16:57:59.565', '', 't', 0, 1, 'eurynome-cloud-bpmn-ability', '业务中台流程中心服务', '25c9a32b-45a9-447a-a7e3-3a28d6a6834e', 1, '067fc1c8-f3e1-4f41-9c7c-0bd4f885bf9e');
INSERT INTO "oauth_microservices"("service_id", "create_time", "ranking", "update_time", "description", "is_reserved", "reversion", "status", "app_code", "app_name", "app_secret", "app_type", "supplier_id") VALUES ('f8e3f156-2cf4-449c-926d-d1377fe82c86', '2020-05-05 17:14:49.183', 0, '2020-05-05 17:14:49.183', '', 't', 0, 1, 'eurynome-cloud-uaa', '业务中台认证中心服务', '067e9d1c-12ed-4400-92ce-97281ddd71ff', 1, '067fc1c8-f3e1-4f41-9c7c-0bd4f885bf9e');

-- ----------------------------
-- Table data for oauth_applications
-- ----------------------------
INSERT INTO "oauth_applications"("app_key", "create_time", "ranking", "update_time", "description", "is_reserved", "reversion", "status", "app_icon", "app_name", "app_name_en", "app_secret", "app_type", "app_tech", "website", "app_code") VALUES ('010e659a-4005-4610-98f6-00b822f4758e', '2020-04-21 19:00:19.197', 0, '2020-05-05 18:02:48.367', '', 't', 0, 1, NULL, '业务中台管理端', 'Eurynome', '04165a07-cffd-45cf-a20a-1c2a69f65fb1', 0, 3, 'http://localhost:8080', '');

-- ----------------------------
-- Table data for oauth_client_details
-- ----------------------------
INSERT INTO "oauth_client_details"("client_id", "resource_ids", "client_secret", "scope", "authorized_grant_types", "web_server_redirect_uri", "authorities", "access_token_validity", "refresh_token_validity", "additional_information", "autoapprove") VALUES ('a7e91f49-ab28-4f55-81c4-973449cfe1eb', '', '$2a$10$fi5ecIcM3hy9RQwE0x78oeyNecPFiUgi0PnhESeENjX3G4CBvYOLO', 'all', 'authorization_code,client_credentials', 'http://localhost:9999/passport/login', '', 43200, 2592000, '{"status":"ENABLE","website":"http://localhsot:9999","appName":"运营后台"}', '');
INSERT INTO "oauth_client_details"("client_id", "resource_ids", "client_secret", "scope", "authorized_grant_types", "web_server_redirect_uri", "authorities", "access_token_validity", "refresh_token_validity", "additional_information", "autoapprove") VALUES ('010e659a-4005-4610-98f6-00b822f4758e', NULL, '$2a$10$XxKxGWDlqgdKhcvIBvhx9u7hVLpVKfVlsG.d2AoLIGFYugz0dZf2i', 'all', 'password,authorization_code,client_credentials', NULL, NULL, 43200, 2592000, '{"appCode":"","appKey":"010e659a-4005-4610-98f6-00b822f4758e","appName":"业务中台管理端","appNameEn":"Eurynome","appSecret":"04165a07-cffd-45cf-a20a-1c2a69f65fb1","applicationType":"WEB","createTime":1587466819000,"description":"","id":"010e659a-4005-4610-98f6-00b822f4758e","ranking":0,"reserved":true,"reversion":0,"scopes":[{"authorities":[],"createTime":1586851572000,"description":"中台全部服务权限","id":"c153737a-5234-11ea-ae28-14cf92c9b916","linkedProperty":"all","ranking":1,"reserved":true,"reversion":0,"scopeCode":"all","scopeId":"c153737a-5234-11ea-ae28-14cf92c9b916","scopeName":"全部权限","status":"ENABLE","updateTime":1587081166481}],"status":"ENABLE","technologyType":"NODE","updateTime":1588672968367,"website":"http://localhost:8080"}', NULL);
INSERT INTO "oauth_client_details"("client_id", "resource_ids", "client_secret", "scope", "authorized_grant_types", "web_server_redirect_uri", "authorities", "access_token_validity", "refresh_token_validity", "additional_information", "autoapprove") VALUES ('004b87d8-0a18-4e62-a35c-f2f123713349', NULL, '$2a$10$LZW/i7hHD3K6bNMLNMAgsu14avbR7cC0Ibw3cHj6P/NNjUqZSk3ou', NULL, 'client_credentials,password', NULL, NULL, NULL, NULL, '{"appCode":"eurynome-cloud-upms-ability","appName":"业务中台用户中心服务","appSecret":"2bda7d3a-dba1-45a4-b08e-cbd731a0418e","applicationType":"SERVICE","createTime":1588735446377,"description":"","id":"004b87d8-0a18-4e62-a35c-f2f123713349","ranking":0,"reserved":true,"reversion":0,"serviceId":"004b87d8-0a18-4e62-a35c-f2f123713349","status":"ENABLE","supplier":{"createTime":1588669980067,"description":"","id":"067fc1c8-f3e1-4f41-9c7c-0bd4f885bf9e","linkedProperty":"HERODOTUS","ranking":0,"reserved":true,"reversion":0,"status":"ENABLE","supplierCode":"HERODOTUS","supplierId":"067fc1c8-f3e1-4f41-9c7c-0bd4f885bf9e","supplierName":"业务中台架构及开发团队","supplierType":"CORE","updateTime":1588669980067},"updateTime":1588735446377}', NULL);
INSERT INTO "oauth_client_details"("client_id", "resource_ids", "client_secret", "scope", "authorized_grant_types", "web_server_redirect_uri", "authorities", "access_token_validity", "refresh_token_validity", "additional_information", "autoapprove") VALUES ('e2a746fc-cb1a-49c3-9436-67004117b039', '', '$2a$10$KE23iMm9qHciIzIog8FHQOMjtJ4LVVtGia4NpaS6Mhk3qQlqReU7.', '', 'client_credentials,password', '', '', NULL, NULL, '{"reversion":0,"applicationType":"SERVICE","appName":"业务中台流程中心服务","description":"","updateTime":1592557079565,"appCode":"eurynome-cloud-bpmn-ability","createTime":1592557079565,"reserved":true,"supplier":{"reversion":0,"supplierName":"业务中台架构及开发团队","supplierId":"067fc1c8-f3e1-4f41-9c7c-0bd4f885bf9e","description":"","updateTime":1588669980067,"supplierCode":"HERODOTUS","createTime":1588669980067,"reserved":true,"linkedProperty":"HERODOTUS","ranking":0,"id":"067fc1c8-f3e1-4f41-9c7c-0bd4f885bf9e","supplierType":"CORE","status":"ENABLE"},"appSecret":"25c9a32b-45a9-447a-a7e3-3a28d6a6834e","ranking":2,"id":"e2a746fc-cb1a-49c3-9436-67004117b039","scopes":[],"serviceId":"e2a746fc-cb1a-49c3-9436-67004117b039","status":"ENABLE"}', NULL);
INSERT INTO "oauth_client_details"("client_id", "resource_ids", "client_secret", "scope", "authorized_grant_types", "web_server_redirect_uri", "authorities", "access_token_validity", "refresh_token_validity", "additional_information", "autoapprove") VALUES ('f8e3f156-2cf4-449c-926d-d1377fe82c86', NULL, '$2a$10$S.cbWjrli7DJ34UQayozBOj07th.o4xAoW6pLEoAMM8Hd3YGh4y82', 'read_client_detail,read_user_detail', 'client_credentials,password', NULL, NULL, NULL, NULL, '{"appCode":"eurynome-cloud-platform-uaa","appName":"业务中台认证中心服务","appSecret":"067e9d1c-12ed-4400-92ce-97281ddd71ff","applicationType":"SERVICE","createTime":1588698889183,"description":"","id":"f8e3f156-2cf4-449c-926d-d1377fe82c86","ranking":0,"reserved":true,"reversion":0,"scopes":[{"authorities":[{"authorityCode":"OP_0C40DF5087487901D7289D070BE6A5F3","authorityId":"0C40DF5087487901D7289D070BE6A5F3","authorityName":"获取终端信息","authorityType":"API","className":"cn.herodotus.eurynome.upms.rest.controller.oauth.OauthClientDetailsController","createTime":1589024686153,"id":"0C40DF5087487901D7289D070BE6A5F3","menuClass":"fa fa-caret-right","methodName":"findByClientId","parentId":"eurynome-cloud-upms-ability","ranking":0,"requestMethod":"GET","reserved":false,"reversion":0,"serviceId":"eurynome-cloud-upms-ability","status":"ENABLE","updateTime":1591447593097,"url":"/oauth/client_details"}],"createTime":1591461064569,"description":"","id":"5589940e-ec75-4de4-9995-11a2090bf617","linkedProperty":"read_client_detail","ranking":1,"reserved":true,"reversion":0,"scopeCode":"read_client_detail","scopeId":"5589940e-ec75-4de4-9995-11a2090bf617","scopeName":"获取客户端信息","status":"ENABLE","updateTime":1591513318119},{"authorities":[{"authorityCode":"OP_B9F9A62E9E00E743A832436519AC3E97","authorityId":"B9F9A62E9E00E743A832436519AC3E97","authorityName":"根据用户ID查询用户","authorityType":"API","className":"cn.herodotus.eurynome.upms.rest.controller.system.SysUserController","createTime":1589024686189,"id":"B9F9A62E9E00E743A832436519AC3E97","menuClass":"fa fa-caret-right","methodName":"findById","parentId":"eurynome-cloud-upms-ability","ranking":0,"requestMethod":"POST","reserved":false,"reversion":0,"serviceId":"eurynome-cloud-upms-ability","status":"ENABLE","updateTime":1591447593112,"url":"/user/findById"},{"authorityCode":"OP_AF75A8DE6B2F439FC486A9CC142A5F5D","authorityId":"AF75A8DE6B2F439FC486A9CC142A5F5D","authorityName":"根据用户名查询用户","authorityType":"API","className":"cn.herodotus.eurynome.upms.rest.controller.system.SysUserController","createTime":1589024686192,"id":"AF75A8DE6B2F439FC486A9CC142A5F5D","menuClass":"fa fa-caret-right","methodName":"findByUsername","parentId":"eurynome-cloud-upms-ability","ranking":0,"requestMethod":"POST","reserved":false,"reversion":0,"serviceId":"eurynome-cloud-upms-ability","status":"ENABLE","updateTime":1591447593114,"url":"/user/findByUsername"}],"createTime":1591461326815,"description":"","id":"911b0419-78d6-4775-824b-c0b4f84d6ddd","linkedProperty":"read_user_detail","ranking":2,"reserved":true,"reversion":0,"scopeCode":"read_user_detail","scopeId":"911b0419-78d6-4775-824b-c0b4f84d6ddd","scopeName":"获取用户信息","status":"ENABLE","updateTime":1591513359089}],"serviceId":"f8e3f156-2cf4-449c-926d-d1377fe82c86","status":"ENABLE","supplier":{"createTime":1588698780067,"description":"","id":"067fc1c8-f3e1-4f41-9c7c-0bd4f885bf9e","linkedProperty":"HERODOTUS","ranking":0,"reserved":true,"reversion":0,"status":"ENABLE","supplierCode":"HERODOTUS","supplierId":"067fc1c8-f3e1-4f41-9c7c-0bd4f885bf9e","supplierName":"业务中台架构及开发团队","supplierType":"CORE","updateTime":1588698780067},"updateTime":1588698889183}', NULL);


-- ----------------------------
-- Table data for oauth_scopes
-- ----------------------------
INSERT INTO "oauth_scopes"("scope_id", "create_time", "ranking", "update_time", "description", "is_reserved", "reversion", "status", "scope_code", "scope_name") VALUES ('c153737a-5234-11ea-ae28-14cf92c9b916', '2020-04-14 16:06:12', 1, '2020-04-17 07:52:46.481', '中台全部服务权限', 't', 0, 1, 'all', '全部权限');

-- ----------------------------
-- Table data for sys_user
-- ----------------------------
INSERT INTO "sys_user"("user_id", "create_time", "ranking", "update_time", "description", "is_reserved", "status", "employee_id", "nick_name", "password", "user_name", "reversion") VALUES ('1', '2019-07-23 07:19:50', 1, '2019-07-23 07:19:52', '平台管理员', 't', 1, '', 'Hades', '$2a$10$fi5ecIcM3hy9RQwE0x78oeyNecPFiUgi0PnhESeENjX3G4CBvYOLO', 'system', NULL);

-- ----------------------------
-- Table data for sys_role
-- ----------------------------
INSERT INTO "sys_role"("role_id", "create_time", "ranking", "update_time", "description", "is_reserved", "status", "role_code", "role_name", "reversion") VALUES ('1', '2019-07-23 07:22:27', 1, '2019-09-11 12:04:52', '中台管理员角色', 't', 1, 'ROLE_ADMINISTRATOR', '平台管理员角色', NULL);

-- ----------------------------
-- Table data for sys_user_role
-- ----------------------------
INSERT INTO "sys_user_role"("user_id", "role_id") VALUES ('1', '1');

-- ----------------------------
-- Table data for sys_authority
-- ----------------------------
INSERT INTO "sys_authority" ("authority_id", "create_time", "ranking", "update_time", "description", "is_reserved", "reversion", "status", "authority_code", "authority_name", "authority_type", "class_name", "menu_class", "method_name", "parent_id", "request_method", "service_id", "url") VALUES ('2582C3B2D4AFBC1452720A9DF3320C27', '2020-05-29 22:05:16.032', 0, '2020-06-06 12:39:07.305', NULL, 'f', 0, 1, 'OP_2582C3B2D4AFBC1452720A9DF3320C27', '获取当前登录用户信息', 'API', 'cn.herodotus.eurynome.uaa.controller.IdentityController', 'fa fa-caret-right', 'getUserProfile', 'eurynome-cloud-uaa', 'GET', 'eurynome-cloud-uaa', '/identity/profile');
INSERT INTO "sys_authority" ("authority_id", "create_time", "ranking", "update_time", "description", "is_reserved", "reversion", "status", "authority_code", "authority_name", "authority_type", "class_name", "menu_class", "method_name", "parent_id", "request_method", "service_id", "url") VALUES ('0F4E83CC41FDC39BD1296D6F384F93A4', '2021-01-19 16:21:04.754', 0, '2021-01-19 17:21:44.329', NULL, 'f', 0, 1, 'OP_0F4E83CC41FDC39BD1296D6F384F93A4', '删除数据', 'API', 'cn.herodotus.eurynome.upms.rest.controller.hr.SysDepartmentController', 'fa fa-caret-right', 'delete', 'eurynome-cloud-upms-ability', 'DELETE', 'eurynome-cloud-upms-ability', '/department');
INSERT INTO "sys_authority" ("authority_id", "create_time", "ranking", "update_time", "description", "is_reserved", "reversion", "status", "authority_code", "authority_name", "authority_type", "class_name", "menu_class", "method_name", "parent_id", "request_method", "service_id", "url") VALUES ('1D7CECA02D15F58787D8B8CE7E5D71B2', '2021-01-19 16:21:04.755', 0, '2021-01-19 17:21:44.329', NULL, 'f', 0, 1, 'OP_1D7CECA02D15F58787D8B8CE7E5D71B2', '保存或更新数据', 'API', 'cn.herodotus.eurynome.upms.rest.controller.hr.SysDepartmentController', 'fa fa-caret-right', 'saveOrUpdate', 'eurynome-cloud-upms-ability', 'POST', 'eurynome-cloud-upms-ability', '/department');
INSERT INTO "sys_authority" ("authority_id", "create_time", "ranking", "update_time", "description", "is_reserved", "reversion", "status", "authority_code", "authority_name", "authority_type", "class_name", "menu_class", "method_name", "parent_id", "request_method", "service_id", "url") VALUES ('4E4D38B2E00D40D4CEC9B168CEB9873D', '2021-01-19 16:21:04.757', 0, '2021-01-19 17:21:44.329', NULL, 'f', 0, 1, 'OP_4E4D38B2E00D40D4CEC9B168CEB9873D', '分页查询数据', 'API', 'cn.herodotus.eurynome.upms.rest.controller.hr.SysDepartmentController', 'fa fa-caret-right', 'findByPage', 'eurynome-cloud-upms-ability', 'GET', 'eurynome-cloud-upms-ability', '/department');
INSERT INTO "sys_authority" ("authority_id", "create_time", "ranking", "update_time", "description", "is_reserved", "reversion", "status", "authority_code", "authority_name", "authority_type", "class_name", "menu_class", "method_name", "parent_id", "request_method", "service_id", "url") VALUES ('6C18B5C1664A28AA4AB27FC4F477BFED', '2021-01-19 16:21:04.758', 0, '2021-01-19 17:21:44.329', NULL, 'f', 0, 1, 'OP_6C18B5C1664A28AA4AB27FC4F477BFED', '获取部门人员', 'API', 'cn.herodotus.eurynome.upms.rest.controller.hr.SysEmployeeController', 'fa fa-caret-right', 'findByPage', 'eurynome-cloud-upms-ability', 'GET', 'eurynome-cloud-upms-ability', '/employee/list');
INSERT INTO "sys_authority" ("authority_id", "create_time", "ranking", "update_time", "description", "is_reserved", "reversion", "status", "authority_code", "authority_name", "authority_type", "class_name", "menu_class", "method_name", "parent_id", "request_method", "service_id", "url") VALUES ('612CBC6F4744D17E8A826568ED01680B', '2021-01-19 16:21:04.759', 0, '2021-01-19 17:21:44.329', NULL, 'f', 0, 1, 'OP_612CBC6F4744D17E8A826568ED01680B', '删除数据', 'API', 'cn.herodotus.eurynome.upms.rest.controller.hr.SysEmployeeController', 'fa fa-caret-right', 'delete', 'eurynome-cloud-upms-ability', 'DELETE', 'eurynome-cloud-upms-ability', '/employee');
INSERT INTO "sys_authority" ("authority_id", "create_time", "ranking", "update_time", "description", "is_reserved", "reversion", "status", "authority_code", "authority_name", "authority_type", "class_name", "menu_class", "method_name", "parent_id", "request_method", "service_id", "url") VALUES ('1EB2BB3346FD46C73182CE16ED373757', '2021-01-19 16:21:04.76', 0, '2021-01-19 17:21:44.329', NULL, 'f', 0, 1, 'OP_1EB2BB3346FD46C73182CE16ED373757', '保存或更新数据', 'API', 'cn.herodotus.eurynome.upms.rest.controller.hr.SysEmployeeController', 'fa fa-caret-right', 'saveOrUpdate', 'eurynome-cloud-upms-ability', 'POST', 'eurynome-cloud-upms-ability', '/employee');
INSERT INTO "sys_authority" ("authority_id", "create_time", "ranking", "update_time", "description", "is_reserved", "reversion", "status", "authority_code", "authority_name", "authority_type", "class_name", "menu_class", "method_name", "parent_id", "request_method", "service_id", "url") VALUES ('188109A6975AE93843A04CE97559874B', '2021-01-19 16:21:04.761', 0, '2021-01-19 17:21:44.329', NULL, 'f', 0, 1, 'OP_188109A6975AE93843A04CE97559874B', '分页查询数据', 'API', 'cn.herodotus.eurynome.upms.rest.controller.hr.SysEmployeeController', 'fa fa-caret-right', 'findByPage', 'eurynome-cloud-upms-ability', 'GET', 'eurynome-cloud-upms-ability', '/employee');
INSERT INTO "sys_authority" ("authority_id", "create_time", "ranking", "update_time", "description", "is_reserved", "reversion", "status", "authority_code", "authority_name", "authority_type", "class_name", "menu_class", "method_name", "parent_id", "request_method", "service_id", "url") VALUES ('4A81249BA2445B447553F604A98101EC', '2021-01-19 16:21:04.762', 0, '2021-01-19 17:21:44.329', NULL, 'f', 0, 1, 'OP_4A81249BA2445B447553F604A98101EC', '获取全部单位', 'API', 'cn.herodotus.eurynome.upms.rest.controller.hr.SysOrganizationController', 'fa fa-caret-right', 'findAll', 'eurynome-cloud-upms-ability', 'GET', 'eurynome-cloud-upms-ability', '/organization/list');
INSERT INTO "sys_authority" ("authority_id", "create_time", "ranking", "update_time", "description", "is_reserved", "reversion", "status", "authority_code", "authority_name", "authority_type", "class_name", "menu_class", "method_name", "parent_id", "request_method", "service_id", "url") VALUES ('D0414DCC99AB226B1D87003E695756AB', '2021-01-19 16:21:04.763', 0, '2021-01-19 17:21:44.33', NULL, 'f', 0, 1, 'OP_D0414DCC99AB226B1D87003E695756AB', '获取单位树', 'API', 'cn.herodotus.eurynome.upms.rest.controller.hr.SysOrganizationController', 'fa fa-caret-right', 'findTree', 'eurynome-cloud-upms-ability', 'GET', 'eurynome-cloud-upms-ability', '/organization/tree');
INSERT INTO "sys_authority" ("authority_id", "create_time", "ranking", "update_time", "description", "is_reserved", "reversion", "status", "authority_code", "authority_name", "authority_type", "class_name", "menu_class", "method_name", "parent_id", "request_method", "service_id", "url") VALUES ('D6E797303F700811E90E493CA07DECED', '2021-01-19 16:21:04.764', 0, '2021-01-19 17:21:44.33', NULL, 'f', 0, 1, 'OP_D6E797303F700811E90E493CA07DECED', '删除数据', 'API', 'cn.herodotus.eurynome.upms.rest.controller.hr.SysOrganizationController', 'fa fa-caret-right', 'delete', 'eurynome-cloud-upms-ability', 'DELETE', 'eurynome-cloud-upms-ability', '/organization');
INSERT INTO "sys_authority" ("authority_id", "create_time", "ranking", "update_time", "description", "is_reserved", "reversion", "status", "authority_code", "authority_name", "authority_type", "class_name", "menu_class", "method_name", "parent_id", "request_method", "service_id", "url") VALUES ('D126F50123AD6CE9F1517F5A7E60E24E', '2021-01-19 16:21:04.765', 0, '2021-01-19 17:21:44.33', NULL, 'f', 0, 1, 'OP_D126F50123AD6CE9F1517F5A7E60E24E', '分页查询数据', 'API', 'cn.herodotus.eurynome.upms.rest.controller.hr.SysOrganizationController', 'fa fa-caret-right', 'findByPage', 'eurynome-cloud-upms-ability', 'GET', 'eurynome-cloud-upms-ability', '/organization');
INSERT INTO "sys_authority" ("authority_id", "create_time", "ranking", "update_time", "description", "is_reserved", "reversion", "status", "authority_code", "authority_name", "authority_type", "class_name", "menu_class", "method_name", "parent_id", "request_method", "service_id", "url") VALUES ('926A7834B02B4DCA386A92CC2AC8020B', '2021-01-19 16:21:04.754', 0, '2021-01-19 17:21:44.328', NULL, 'f', 0, 1, 'OP_926A7834B02B4DCA386A92CC2AC8020B', '获取部门列表', 'API', 'cn.herodotus.eurynome.upms.rest.controller.hr.SysDepartmentController', 'fa fa-caret-right', 'findAllByOrganizationId', 'eurynome-cloud-upms-ability', 'GET', 'eurynome-cloud-upms-ability', '/department/list');
INSERT INTO "sys_authority" ("authority_id", "create_time", "ranking", "update_time", "description", "is_reserved", "reversion", "status", "authority_code", "authority_name", "authority_type", "class_name", "menu_class", "method_name", "parent_id", "request_method", "service_id", "url") VALUES ('4DDEFCDDEEACAD4246756D5D2C54F9D4', '2021-01-19 16:21:04.766', 0, '2021-01-19 17:21:44.331', NULL, 'f', 0, 1, 'OP_4DDEFCDDEEACAD4246756D5D2C54F9D4', '删除数据', 'API', 'cn.herodotus.eurynome.upms.rest.controller.hr.SysPositionController', 'fa fa-caret-right', 'delete', 'eurynome-cloud-upms-ability', 'DELETE', 'eurynome-cloud-upms-ability', '/position');
INSERT INTO "sys_authority" ("authority_id", "create_time", "ranking", "update_time", "description", "is_reserved", "reversion", "status", "authority_code", "authority_name", "authority_type", "class_name", "menu_class", "method_name", "parent_id", "request_method", "service_id", "url") VALUES ('4ED207AFF78B7F11EC6D36CF4A6C00DD', '2021-01-19 16:21:04.766', 0, '2021-01-19 17:21:44.331', NULL, 'f', 0, 1, 'OP_4ED207AFF78B7F11EC6D36CF4A6C00DD', '保存或更新数据', 'API', 'cn.herodotus.eurynome.upms.rest.controller.hr.SysPositionController', 'fa fa-caret-right', 'saveOrUpdate', 'eurynome-cloud-upms-ability', 'POST', 'eurynome-cloud-upms-ability', '/position');
INSERT INTO "sys_authority" ("authority_id", "create_time", "ranking", "update_time", "description", "is_reserved", "reversion", "status", "authority_code", "authority_name", "authority_type", "class_name", "menu_class", "method_name", "parent_id", "request_method", "service_id", "url") VALUES ('75A739B834F96EAA5A1F79A6B05BF98D', '2021-01-19 16:21:04.697', 0, '2021-01-19 17:21:44.326', NULL, 'f', 0, 1, 'OP_75A739B834F96EAA5A1F79A6B05BF98D', '给服务分配Scope', 'API', 'cn.herodotus.eurynome.upms.ability.controller.oauth.OauthMicroservicesController', 'fa fa-caret-right', 'assign', 'eurynome-cloud-upms-ability', 'PUT', 'eurynome-cloud-upms-ability', '/oauth/microservices');
INSERT INTO "sys_authority" ("authority_id", "create_time", "ranking", "update_time", "description", "is_reserved", "reversion", "status", "authority_code", "authority_name", "authority_type", "class_name", "menu_class", "method_name", "parent_id", "request_method", "service_id", "url") VALUES ('8464B8B65003E02228C730329C34AF73', '2021-01-19 16:21:04.74', 0, '2021-01-19 17:21:44.326', NULL, 'f', 0, 1, 'OP_8464B8B65003E02228C730329C34AF73', '发布或更新微服务配置', 'API', 'cn.herodotus.eurynome.upms.ability.controller.oauth.OauthMicroservicesController', 'fa fa-caret-right', 'publishConfig', 'eurynome-cloud-upms-ability', 'POST', 'eurynome-cloud-upms-ability', '/oauth/microservices/config');
INSERT INTO "sys_authority" ("authority_id", "create_time", "ranking", "update_time", "description", "is_reserved", "reversion", "status", "authority_code", "authority_name", "authority_type", "class_name", "menu_class", "method_name", "parent_id", "request_method", "service_id", "url") VALUES ('2B5095FB1ABDCC0BC1C11E76C37F2E85', '2021-01-19 16:21:04.75', 0, '2021-01-19 17:21:44.328', NULL, 'f', 0, 1, 'OP_2B5095FB1ABDCC0BC1C11E76C37F2E85', '删除数据', 'API', 'cn.herodotus.eurynome.upms.rest.controller.development.SupplierController', 'fa fa-caret-right', 'delete', 'eurynome-cloud-upms-ability', 'DELETE', 'eurynome-cloud-upms-ability', '/microservice/supplier');
INSERT INTO "sys_authority" ("authority_id", "create_time", "ranking", "update_time", "description", "is_reserved", "reversion", "status", "authority_code", "authority_name", "authority_type", "class_name", "menu_class", "method_name", "parent_id", "request_method", "service_id", "url") VALUES ('018D6A5042C96C0D0A5CA4D904A7852D', '2021-01-19 16:21:04.751', 0, '2021-01-19 17:21:44.328', NULL, 'f', 0, 1, 'OP_018D6A5042C96C0D0A5CA4D904A7852D', '保存或更新数据', 'API', 'cn.herodotus.eurynome.upms.rest.controller.development.SupplierController', 'fa fa-caret-right', 'saveOrUpdate', 'eurynome-cloud-upms-ability', 'POST', 'eurynome-cloud-upms-ability', '/microservice/supplier');
INSERT INTO "sys_authority" ("authority_id", "create_time", "ranking", "update_time", "description", "is_reserved", "reversion", "status", "authority_code", "authority_name", "authority_type", "class_name", "menu_class", "method_name", "parent_id", "request_method", "service_id", "url") VALUES ('F8707D73263E9B0095814933753BD7C9', '2021-01-19 16:21:04.752', 0, '2021-01-19 17:21:44.328', NULL, 'f', 0, 1, 'OP_F8707D73263E9B0095814933753BD7C9', '分页查询数据', 'API', 'cn.herodotus.eurynome.upms.rest.controller.development.SupplierController', 'fa fa-caret-right', 'findByPage', 'eurynome-cloud-upms-ability', 'GET', 'eurynome-cloud-upms-ability', '/microservice/supplier');
INSERT INTO "sys_authority" ("authority_id", "create_time", "ranking", "update_time", "description", "is_reserved", "reversion", "status", "authority_code", "authority_name", "authority_type", "class_name", "menu_class", "method_name", "parent_id", "request_method", "service_id", "url") VALUES ('976EDBCD9CBE08E3F9E725CA1715FD20', '2021-01-19 16:21:04.753', 0, '2021-01-19 17:21:44.328', NULL, 'f', 0, 1, 'OP_976EDBCD9CBE08E3F9E725CA1715FD20', '获取部门树', 'API', 'cn.herodotus.eurynome.upms.rest.controller.hr.SysDepartmentController', 'fa fa-caret-right', 'findTree', 'eurynome-cloud-upms-ability', 'GET', 'eurynome-cloud-upms-ability', '/department/tree');
INSERT INTO "sys_authority" ("authority_id", "create_time", "ranking", "update_time", "description", "is_reserved", "reversion", "status", "authority_code", "authority_name", "authority_type", "class_name", "menu_class", "method_name", "parent_id", "request_method", "service_id", "url") VALUES ('B777FB4BC243FB9FA836FD67C3CBE35C', '2021-01-19 16:21:04.767', 0, '2021-01-19 17:21:44.331', NULL, 'f', 0, 1, 'OP_B777FB4BC243FB9FA836FD67C3CBE35C', '分页查询数据', 'API', 'cn.herodotus.eurynome.upms.rest.controller.hr.SysPositionController', 'fa fa-caret-right', 'findByPage', 'eurynome-cloud-upms-ability', 'GET', 'eurynome-cloud-upms-ability', '/position');
INSERT INTO "sys_authority" ("authority_id", "create_time", "ranking", "update_time", "description", "is_reserved", "reversion", "status", "authority_code", "authority_name", "authority_type", "class_name", "menu_class", "method_name", "parent_id", "request_method", "service_id", "url") VALUES ('32B1EFDABBD1B337CFE907E6C1491DC9', '2021-01-19 16:21:04.769', 0, '2021-01-19 17:21:44.331', NULL, 'f', 0, 1, 'OP_32B1EFDABBD1B337CFE907E6C1491DC9', '给应用分配Scope', 'API', 'cn.herodotus.eurynome.upms.rest.controller.oauth.OauthApplicationsController', 'fa fa-caret-right', 'assign', 'eurynome-cloud-upms-ability', 'PUT', 'eurynome-cloud-upms-ability', '/oauth/applications');
INSERT INTO "sys_authority" ("authority_id", "create_time", "ranking", "update_time", "description", "is_reserved", "reversion", "status", "authority_code", "authority_name", "authority_type", "class_name", "menu_class", "method_name", "parent_id", "request_method", "service_id", "url") VALUES ('16B70371ECCA3ECC4391249C40869445', '2021-01-19 16:21:04.769', 0, '2021-01-19 17:21:44.331', NULL, 'f', 0, 1, 'OP_16B70371ECCA3ECC4391249C40869445', '删除数据', 'API', 'cn.herodotus.eurynome.upms.rest.controller.oauth.OauthApplicationsController', 'fa fa-caret-right', 'delete', 'eurynome-cloud-upms-ability', 'DELETE', 'eurynome-cloud-upms-ability', '/oauth/applications');
INSERT INTO "sys_authority" ("authority_id", "create_time", "ranking", "update_time", "description", "is_reserved", "reversion", "status", "authority_code", "authority_name", "authority_type", "class_name", "menu_class", "method_name", "parent_id", "request_method", "service_id", "url") VALUES ('A08E4745161661C8934658CA28D55305', '2021-01-19 16:21:04.77', 0, '2021-01-19 17:21:44.331', NULL, 'f', 0, 1, 'OP_A08E4745161661C8934658CA28D55305', '保存或更新数据', 'API', 'cn.herodotus.eurynome.upms.rest.controller.oauth.OauthApplicationsController', 'fa fa-caret-right', 'saveOrUpdate', 'eurynome-cloud-upms-ability', 'POST', 'eurynome-cloud-upms-ability', '/oauth/applications');
INSERT INTO "sys_authority" ("authority_id", "create_time", "ranking", "update_time", "description", "is_reserved", "reversion", "status", "authority_code", "authority_name", "authority_type", "class_name", "menu_class", "method_name", "parent_id", "request_method", "service_id", "url") VALUES ('D1E2DD111AE3DB633D3D50E2AEF817A1', '2021-01-19 16:21:04.771', 0, '2021-01-19 17:21:44.331', NULL, 'f', 0, 1, 'OP_D1E2DD111AE3DB633D3D50E2AEF817A1', '分页查询数据', 'API', 'cn.herodotus.eurynome.upms.rest.controller.oauth.OauthApplicationsController', 'fa fa-caret-right', 'findByPage', 'eurynome-cloud-upms-ability', 'GET', 'eurynome-cloud-upms-ability', '/oauth/applications');
INSERT INTO "sys_authority" ("authority_id", "create_time", "ranking", "update_time", "description", "is_reserved", "reversion", "status", "authority_code", "authority_name", "authority_type", "class_name", "menu_class", "method_name", "parent_id", "request_method", "service_id", "url") VALUES ('E3DFCC61063933E0154AE0ABDE25C92B', '2021-01-19 16:21:04.771', 0, '2021-01-19 17:21:44.332', NULL, 'f', 0, 1, 'OP_E3DFCC61063933E0154AE0ABDE25C92B', '删除ClientDetails', 'API', 'cn.herodotus.eurynome.upms.rest.controller.oauth.OauthClientDetailsController', 'fa fa-caret-right', 'delete', 'eurynome-cloud-upms-ability', 'DELETE', 'eurynome-cloud-upms-ability', '/oauth/client_details');
INSERT INTO "sys_authority" ("authority_id", "create_time", "ranking", "update_time", "description", "is_reserved", "reversion", "status", "authority_code", "authority_name", "authority_type", "class_name", "menu_class", "method_name", "parent_id", "request_method", "service_id", "url") VALUES ('BCD05C815D94C20EF66DF63A36C7151D', '2021-01-19 16:21:04.772', 0, '2021-01-19 17:21:44.332', NULL, 'f', 0, 1, 'OP_BCD05C815D94C20EF66DF63A36C7151D', '更新ClientDetails', 'API', 'cn.herodotus.eurynome.upms.rest.controller.oauth.OauthClientDetailsController', 'fa fa-caret-right', 'saveOrUpdate', 'eurynome-cloud-upms-ability', 'POST', 'eurynome-cloud-upms-ability', '/oauth/client_details');
INSERT INTO "sys_authority" ("authority_id", "create_time", "ranking", "update_time", "description", "is_reserved", "reversion", "status", "authority_code", "authority_name", "authority_type", "class_name", "menu_class", "method_name", "parent_id", "request_method", "service_id", "url") VALUES ('0519F7DE094291E4575F5CC1D06B74BA', '2021-01-19 16:21:04.773', 0, '2021-01-19 17:21:44.332', NULL, 'f', 0, 1, 'OP_0519F7DE094291E4575F5CC1D06B74BA', '获取ClientDetails分页数据', 'API', 'cn.herodotus.eurynome.upms.rest.controller.oauth.OauthClientDetailsController', 'fa fa-caret-right', 'findByPage', 'eurynome-cloud-upms-ability', 'GET', 'eurynome-cloud-upms-ability', '/oauth/client_details');
INSERT INTO "sys_authority" ("authority_id", "create_time", "ranking", "update_time", "description", "is_reserved", "reversion", "status", "authority_code", "authority_name", "authority_type", "class_name", "menu_class", "method_name", "parent_id", "request_method", "service_id", "url") VALUES ('9E5ACEC7FD5DA9173CA387447FC9E2D1', '2021-01-19 16:21:04.773', 0, '2021-01-19 17:21:44.332', NULL, 'f', 0, 1, 'OP_9E5ACEC7FD5DA9173CA387447FC9E2D1', '给OauthScopes授权', 'API', 'cn.herodotus.eurynome.upms.rest.controller.oauth.OauthScopesController', 'fa fa-caret-right', 'authorize', 'eurynome-cloud-upms-ability', 'PUT', 'eurynome-cloud-upms-ability', '/oauth/scopes');
INSERT INTO "sys_authority" ("authority_id", "create_time", "ranking", "update_time", "description", "is_reserved", "reversion", "status", "authority_code", "authority_name", "authority_type", "class_name", "menu_class", "method_name", "parent_id", "request_method", "service_id", "url") VALUES ('975CA2FB915E871893EB721AD7208CE8', '2021-01-19 16:21:04.774', 0, '2021-01-19 17:21:44.332', NULL, 'f', 0, 1, 'OP_975CA2FB915E871893EB721AD7208CE8', '删除数据', 'API', 'cn.herodotus.eurynome.upms.rest.controller.oauth.OauthScopesController', 'fa fa-caret-right', 'delete', 'eurynome-cloud-upms-ability', 'DELETE', 'eurynome-cloud-upms-ability', '/oauth/scopes');
INSERT INTO "sys_authority" ("authority_id", "create_time", "ranking", "update_time", "description", "is_reserved", "reversion", "status", "authority_code", "authority_name", "authority_type", "class_name", "menu_class", "method_name", "parent_id", "request_method", "service_id", "url") VALUES ('5B824AA435D134B6ED33E0D65A650080', '2021-01-19 16:21:04.764', 0, '2021-01-19 17:21:44.33', NULL, 'f', 0, 1, 'OP_5B824AA435D134B6ED33E0D65A650080', '保存或更新数据', 'API', 'cn.herodotus.eurynome.upms.rest.controller.hr.SysOrganizationController', 'fa fa-caret-right', 'saveOrUpdate', 'eurynome-cloud-upms-ability', 'POST', 'eurynome-cloud-upms-ability', '/organization');
INSERT INTO "sys_authority" ("authority_id", "create_time", "ranking", "update_time", "description", "is_reserved", "reversion", "status", "authority_code", "authority_name", "authority_type", "class_name", "menu_class", "method_name", "parent_id", "request_method", "service_id", "url") VALUES ('D8B9D338541FC4488ECA720CD4F85A72', '2021-01-19 16:21:04.775', 0, '2021-01-19 17:21:44.332', NULL, 'f', 0, 1, 'OP_D8B9D338541FC4488ECA720CD4F85A72', '保存或更新数据', 'API', 'cn.herodotus.eurynome.upms.rest.controller.oauth.OauthScopesController', 'fa fa-caret-right', 'saveOrUpdate', 'eurynome-cloud-upms-ability', 'POST', 'eurynome-cloud-upms-ability', '/oauth/scopes');
INSERT INTO "sys_authority" ("authority_id", "create_time", "ranking", "update_time", "description", "is_reserved", "reversion", "status", "authority_code", "authority_name", "authority_type", "class_name", "menu_class", "method_name", "parent_id", "request_method", "service_id", "url") VALUES ('C25021A7792091130B35AB771ABE5D1E', '2021-01-19 16:21:04.775', 0, '2021-01-19 17:21:44.332', NULL, 'f', 0, 1, 'OP_C25021A7792091130B35AB771ABE5D1E', '分页查询数据', 'API', 'cn.herodotus.eurynome.upms.rest.controller.oauth.OauthScopesController', 'fa fa-caret-right', 'findByPage', 'eurynome-cloud-upms-ability', 'GET', 'eurynome-cloud-upms-ability', '/oauth/scopes');
INSERT INTO "sys_authority" ("authority_id", "create_time", "ranking", "update_time", "description", "is_reserved", "reversion", "status", "authority_code", "authority_name", "authority_type", "class_name", "menu_class", "method_name", "parent_id", "request_method", "service_id", "url") VALUES ('2D2A86EE1DCB48AEF9CA7916E6128BCF', '2021-01-19 16:21:04.776', 0, '2021-01-19 17:21:44.333', NULL, 'f', 0, 1, 'OP_2D2A86EE1DCB48AEF9CA7916E6128BCF', '删除数据', 'API', 'cn.herodotus.eurynome.upms.rest.controller.social.WeappUserController', 'fa fa-caret-right', 'delete', 'eurynome-cloud-upms-ability', 'DELETE', 'eurynome-cloud-upms-ability', '/weapp/user');
INSERT INTO "sys_authority" ("authority_id", "create_time", "ranking", "update_time", "description", "is_reserved", "reversion", "status", "authority_code", "authority_name", "authority_type", "class_name", "menu_class", "method_name", "parent_id", "request_method", "service_id", "url") VALUES ('110EF8D7B3360C12E15B2BE83332AD7E', '2021-01-19 16:21:04.777', 0, '2021-01-19 17:21:44.333', NULL, 'f', 0, 1, 'OP_110EF8D7B3360C12E15B2BE83332AD7E', '保存或更新数据', 'API', 'cn.herodotus.eurynome.upms.rest.controller.social.WeappUserController', 'fa fa-caret-right', 'saveOrUpdate', 'eurynome-cloud-upms-ability', 'POST', 'eurynome-cloud-upms-ability', '/weapp/user');
INSERT INTO "sys_authority" ("authority_id", "create_time", "ranking", "update_time", "description", "is_reserved", "reversion", "status", "authority_code", "authority_name", "authority_type", "class_name", "menu_class", "method_name", "parent_id", "request_method", "service_id", "url") VALUES ('03992B0C1746B64413748F2F656FEC4B', '2021-01-19 16:21:04.786', 0, '2021-01-19 17:21:44.334', NULL, 'f', 0, 1, 'OP_03992B0C1746B64413748F2F656FEC4B', '分页查询数据', 'API', 'cn.herodotus.eurynome.upms.rest.controller.system.SysRoleController', 'fa fa-caret-right', 'findByPage', 'eurynome-cloud-upms-ability', 'GET', 'eurynome-cloud-upms-ability', '/role');
INSERT INTO "sys_authority" ("authority_id", "create_time", "ranking", "update_time", "description", "is_reserved", "reversion", "status", "authority_code", "authority_name", "authority_type", "class_name", "menu_class", "method_name", "parent_id", "request_method", "service_id", "url") VALUES ('E639F8973FE07B89BFF4E7777A926CBE', '2021-01-19 16:21:04.787', 0, '2021-01-19 17:21:44.334', NULL, 'f', 0, 1, 'OP_E639F8973FE07B89BFF4E7777A926CBE', '给用户分配角色', 'API', 'cn.herodotus.eurynome.upms.rest.controller.system.SysUserController', 'fa fa-caret-right', 'assign', 'eurynome-cloud-upms-ability', 'PUT', 'eurynome-cloud-upms-ability', '/user');
INSERT INTO "sys_authority" ("authority_id", "create_time", "ranking", "update_time", "description", "is_reserved", "reversion", "status", "authority_code", "authority_name", "authority_type", "class_name", "menu_class", "method_name", "parent_id", "request_method", "service_id", "url") VALUES ('7FB8655292006BFD40D9F99E92E9F305', '2021-01-19 16:21:04.788', 0, '2021-01-19 17:21:44.334', NULL, 'f', 0, 1, 'OP_7FB8655292006BFD40D9F99E92E9F305', '保存或更新数据', 'API', 'cn.herodotus.eurynome.upms.rest.controller.system.SysUserController', 'fa fa-caret-right', 'saveOrUpdate', 'eurynome-cloud-upms-ability', 'POST', 'eurynome-cloud-upms-ability', '/user');
INSERT INTO "sys_authority" ("authority_id", "create_time", "ranking", "update_time", "description", "is_reserved", "reversion", "status", "authority_code", "authority_name", "authority_type", "class_name", "menu_class", "method_name", "parent_id", "request_method", "service_id", "url") VALUES ('AE8F8686B97F6C2D27E19B936B45F0A5', '2021-01-19 16:21:04.789', 0, '2021-01-19 17:21:44.334', NULL, 'f', 0, 1, 'OP_AE8F8686B97F6C2D27E19B936B45F0A5', '分页查询数据', 'API', 'cn.herodotus.eurynome.upms.rest.controller.system.SysUserController', 'fa fa-caret-right', 'findByPage', 'eurynome-cloud-upms-ability', 'GET', 'eurynome-cloud-upms-ability', '/user');
INSERT INTO "sys_authority" ("authority_id", "create_time", "ranking", "update_time", "description", "is_reserved", "reversion", "status", "authority_code", "authority_name", "authority_type", "class_name", "menu_class", "method_name", "parent_id", "request_method", "service_id", "url") VALUES ('6BF2C4542868697CCE11688AEC5B4E84', '2021-01-19 16:21:04.741', 0, '2021-01-19 17:21:44.327', NULL, 'f', 0, 1, 'OP_6BF2C4542868697CCE11688AEC5B4E84', '删除微服务配置', 'API', 'cn.herodotus.eurynome.upms.ability.controller.oauth.OauthMicroservicesController', 'fa fa-caret-right', 'deleteConfig', 'eurynome-cloud-upms-ability', 'DELETE', 'eurynome-cloud-upms-ability', '/oauth/microservices/config');
INSERT INTO "sys_authority" ("authority_id", "create_time", "ranking", "update_time", "description", "is_reserved", "reversion", "status", "authority_code", "authority_name", "authority_type", "class_name", "menu_class", "method_name", "parent_id", "request_method", "service_id", "url") VALUES ('C103594E2D1983EEFD72365350969C9F', '2021-01-19 16:21:04.743', 0, '2021-01-19 17:21:44.327', NULL, 'f', 0, 1, 'OP_C103594E2D1983EEFD72365350969C9F', '删除数据', 'API', 'cn.herodotus.eurynome.upms.ability.controller.oauth.OauthMicroservicesController', 'fa fa-caret-right', 'delete', 'eurynome-cloud-upms-ability', 'DELETE', 'eurynome-cloud-upms-ability', '/oauth/microservices');
INSERT INTO "sys_authority" ("authority_id", "create_time", "ranking", "update_time", "description", "is_reserved", "reversion", "status", "authority_code", "authority_name", "authority_type", "class_name", "menu_class", "method_name", "parent_id", "request_method", "service_id", "url") VALUES ('55539324275B83D24EB1158D9F711C33', '2021-01-19 16:21:04.745', 0, '2021-01-19 17:21:44.327', NULL, 'f', 0, 1, 'OP_55539324275B83D24EB1158D9F711C33', '保存或更新数据', 'API', 'cn.herodotus.eurynome.upms.ability.controller.oauth.OauthMicroservicesController', 'fa fa-caret-right', 'saveOrUpdate', 'eurynome-cloud-upms-ability', 'POST', 'eurynome-cloud-upms-ability', '/oauth/microservices');
INSERT INTO "sys_authority" ("authority_id", "create_time", "ranking", "update_time", "description", "is_reserved", "reversion", "status", "authority_code", "authority_name", "authority_type", "class_name", "menu_class", "method_name", "parent_id", "request_method", "service_id", "url") VALUES ('EAE098EC9876043243EA9466E0EFFA08', '2021-01-19 16:21:04.746', 0, '2021-01-19 17:21:44.327', NULL, 'f', 0, 1, 'OP_EAE098EC9876043243EA9466E0EFFA08', '分页查询数据', 'API', 'cn.herodotus.eurynome.upms.ability.controller.oauth.OauthMicroservicesController', 'fa fa-caret-right', 'findByPage', 'eurynome-cloud-upms-ability', 'GET', 'eurynome-cloud-upms-ability', '/oauth/microservices');
INSERT INTO "sys_authority" ("authority_id", "create_time", "ranking", "update_time", "description", "is_reserved", "reversion", "status", "authority_code", "authority_name", "authority_type", "class_name", "menu_class", "method_name", "parent_id", "request_method", "service_id", "url") VALUES ('A7B44A7F4296E7A6D104709050A44541', '2021-01-19 16:21:04.747', 0, '2021-01-19 17:21:44.327', NULL, 'f', 0, 1, 'OP_A7B44A7F4296E7A6D104709050A44541', '获取服务使用常量', 'API', 'cn.herodotus.eurynome.upms.rest.controller.UpmsConstantsController', 'fa fa-caret-right', 'findAllEnums', 'eurynome-cloud-upms-ability', 'GET', 'eurynome-cloud-upms-ability', '/constants/enums');
INSERT INTO "sys_authority" ("authority_id", "create_time", "ranking", "update_time", "description", "is_reserved", "reversion", "status", "authority_code", "authority_name", "authority_type", "class_name", "menu_class", "method_name", "parent_id", "request_method", "service_id", "url") VALUES ('471AF4C5980008670A94EECEEB6149FF', '2021-01-19 16:21:04.748', 0, '2021-01-19 17:21:44.327', NULL, 'f', 0, 1, 'OP_471AF4C5980008670A94EECEEB6149FF', '获取全部厂商数据', 'API', 'cn.herodotus.eurynome.upms.rest.controller.development.SupplierController', 'fa fa-caret-right', 'findAll', 'eurynome-cloud-upms-ability', 'GET', 'eurynome-cloud-upms-ability', '/microservice/supplier/list');
INSERT INTO "sys_authority" ("authority_id", "create_time", "ranking", "update_time", "description", "is_reserved", "reversion", "status", "authority_code", "authority_name", "authority_type", "class_name", "menu_class", "method_name", "parent_id", "request_method", "service_id", "url") VALUES ('C8EBF08D787BDE50B652826A5C4D4A47', '2021-01-19 16:21:04.787', 0, '2021-01-19 17:21:44.334', NULL, 'f', 0, 1, 'OP_C8EBF08D787BDE50B652826A5C4D4A47', '删除数据', 'API', 'cn.herodotus.eurynome.upms.rest.controller.system.SysUserController', 'fa fa-caret-right', 'delete', 'eurynome-cloud-upms-ability', 'DELETE', 'eurynome-cloud-upms-ability', '/user');
INSERT INTO "sys_authority" ("authority_id", "create_time", "ranking", "update_time", "description", "is_reserved", "reversion", "status", "authority_code", "authority_name", "authority_type", "class_name", "menu_class", "method_name", "parent_id", "request_method", "service_id", "url") VALUES ('96DCF808DD1E151A2F08B03CD8072E0C', '2021-01-19 16:21:04.781', 0, '2021-01-19 17:21:44.333', NULL, 'f', 0, 1, 'OP_96DCF808DD1E151A2F08B03CD8072E0C', '保存或更新数据', 'API', 'cn.herodotus.eurynome.upms.rest.controller.system.SysAuthorityController', 'fa fa-caret-right', 'saveOrUpdate', 'eurynome-cloud-upms-ability', 'POST', 'eurynome-cloud-upms-ability', '/authority');
INSERT INTO "sys_authority" ("authority_id", "create_time", "ranking", "update_time", "description", "is_reserved", "reversion", "status", "authority_code", "authority_name", "authority_type", "class_name", "menu_class", "method_name", "parent_id", "request_method", "service_id", "url") VALUES ('1090BDB85EB15B1F85FA09CB3F043FBF', '2021-01-19 16:21:04.783', 0, '2021-01-19 17:21:44.333', NULL, 'f', 0, 1, 'OP_1090BDB85EB15B1F85FA09CB3F043FBF', '分页查询数据', 'API', 'cn.herodotus.eurynome.upms.rest.controller.system.SysAuthorityController', 'fa fa-caret-right', 'findByPage', 'eurynome-cloud-upms-ability', 'GET', 'eurynome-cloud-upms-ability', '/authority');
INSERT INTO "sys_authority" ("authority_id", "create_time", "ranking", "update_time", "description", "is_reserved", "reversion", "status", "authority_code", "authority_name", "authority_type", "class_name", "menu_class", "method_name", "parent_id", "request_method", "service_id", "url") VALUES ('D4B03797CF2E74AA14A093833AD913B5', '2021-01-19 16:21:04.784', 0, '2021-01-19 17:21:44.334', NULL, 'f', 0, 1, 'OP_D4B03797CF2E74AA14A093833AD913B5', '给角色授权', 'API', 'cn.herodotus.eurynome.upms.rest.controller.system.SysRoleController', 'fa fa-caret-right', 'authorize', 'eurynome-cloud-upms-ability', 'PUT', 'eurynome-cloud-upms-ability', '/role');
INSERT INTO "sys_authority" ("authority_id", "create_time", "ranking", "update_time", "description", "is_reserved", "reversion", "status", "authority_code", "authority_name", "authority_type", "class_name", "menu_class", "method_name", "parent_id", "request_method", "service_id", "url") VALUES ('0A9DB6221DCF50D4C9622B2E1A831576', '2021-01-19 16:21:04.785', 0, '2021-01-19 17:21:44.334', NULL, 'f', 0, 1, 'OP_0A9DB6221DCF50D4C9622B2E1A831576', '删除数据', 'API', 'cn.herodotus.eurynome.upms.rest.controller.system.SysRoleController', 'fa fa-caret-right', 'delete', 'eurynome-cloud-upms-ability', 'DELETE', 'eurynome-cloud-upms-ability', '/role');
INSERT INTO "sys_authority" ("authority_id", "create_time", "ranking", "update_time", "description", "is_reserved", "reversion", "status", "authority_code", "authority_name", "authority_type", "class_name", "menu_class", "method_name", "parent_id", "request_method", "service_id", "url") VALUES ('389EBA0D97BF960ED9ABD634CAD3B2B6', '2021-01-19 16:21:04.785', 0, '2021-01-19 17:21:44.334', NULL, 'f', 0, 1, 'OP_389EBA0D97BF960ED9ABD634CAD3B2B6', '保存或更新数据', 'API', 'cn.herodotus.eurynome.upms.rest.controller.system.SysRoleController', 'fa fa-caret-right', 'saveOrUpdate', 'eurynome-cloud-upms-ability', 'POST', 'eurynome-cloud-upms-ability', '/role');
INSERT INTO "sys_authority" ("authority_id", "create_time", "ranking", "update_time", "description", "is_reserved", "reversion", "status", "authority_code", "authority_name", "authority_type", "class_name", "menu_class", "method_name", "parent_id", "request_method", "service_id", "url") VALUES ('A3F462E2B2334E3A8F30FA5435B506AF', '2021-01-19 16:21:04.778', 0, '2021-01-19 17:21:44.333', NULL, 'f', 0, 1, 'OP_A3F462E2B2334E3A8F30FA5435B506AF', '分页查询数据', 'API', 'cn.herodotus.eurynome.upms.rest.controller.social.WeappUserController', 'fa fa-caret-right', 'findByPage', 'eurynome-cloud-upms-ability', 'GET', 'eurynome-cloud-upms-ability', '/weapp/user');
INSERT INTO "sys_authority" ("authority_id", "create_time", "ranking", "update_time", "description", "is_reserved", "reversion", "status", "authority_code", "authority_name", "authority_type", "class_name", "menu_class", "method_name", "parent_id", "request_method", "service_id", "url") VALUES ('63E24C432D5BF40F45268EDA67788405', '2021-01-19 16:21:04.78', 0, '2021-01-19 17:21:44.333', NULL, 'f', 0, 1, 'OP_63E24C432D5BF40F45268EDA67788405', '获取全部API接口', 'API', 'cn.herodotus.eurynome.upms.rest.controller.system.SysAuthorityController', 'fa fa-caret-right', 'findAllApis', 'eurynome-cloud-upms-ability', 'GET', 'eurynome-cloud-upms-ability', '/authority/apis');
INSERT INTO "sys_authority" ("authority_id", "create_time", "ranking", "update_time", "description", "is_reserved", "reversion", "status", "authority_code", "authority_name", "authority_type", "class_name", "menu_class", "method_name", "parent_id", "request_method", "service_id", "url") VALUES ('C0A1D4AE9B22D82B438843CE53F503C7', '2021-01-19 16:21:04.779', 0, '2021-01-19 17:21:44.333', NULL, 'f', 0, 1, 'OP_C0A1D4AE9B22D82B438843CE53F503C7', '获取权限树', 'API', 'cn.herodotus.eurynome.upms.rest.controller.system.SysAuthorityController', 'fa fa-caret-right', 'findTree', 'eurynome-cloud-upms-ability', 'GET', 'eurynome-cloud-upms-ability', '/authority/tree');
INSERT INTO "sys_authority" ("authority_id", "create_time", "ranking", "update_time", "description", "is_reserved", "reversion", "status", "authority_code", "authority_name", "authority_type", "class_name", "menu_class", "method_name", "parent_id", "request_method", "service_id", "url") VALUES ('6388310852B64B8FD99940D65627FB1C', '2021-01-19 16:21:04.781', 0, '2021-01-19 17:21:44.333', NULL, 'f', 0, 1, 'OP_6388310852B64B8FD99940D65627FB1C', '删除数据', 'API', 'cn.herodotus.eurynome.upms.rest.controller.system.SysAuthorityController', 'fa fa-caret-right', 'delete', 'eurynome-cloud-upms-ability', 'DELETE', 'eurynome-cloud-upms-ability', '/authority');

-- ----------------------------
-- Table data for sys_role_authority
-- ----------------------------
INSERT INTO "sys_role_authority" ("role_id", "authority_id") VALUES ('1', '75A739B834F96EAA5A1F79A6B05BF98D');
INSERT INTO "sys_role_authority" ("role_id", "authority_id") VALUES ('1', '8464B8B65003E02228C730329C34AF73');
INSERT INTO "sys_role_authority" ("role_id", "authority_id") VALUES ('1', '6BF2C4542868697CCE11688AEC5B4E84');
INSERT INTO "sys_role_authority" ("role_id", "authority_id") VALUES ('1', 'C103594E2D1983EEFD72365350969C9F');
INSERT INTO "sys_role_authority" ("role_id", "authority_id") VALUES ('1', '55539324275B83D24EB1158D9F711C33');
INSERT INTO "sys_role_authority" ("role_id", "authority_id") VALUES ('1', 'EAE098EC9876043243EA9466E0EFFA08');
INSERT INTO "sys_role_authority" ("role_id", "authority_id") VALUES ('1', 'A7B44A7F4296E7A6D104709050A44541');
INSERT INTO "sys_role_authority" ("role_id", "authority_id") VALUES ('1', '471AF4C5980008670A94EECEEB6149FF');
INSERT INTO "sys_role_authority" ("role_id", "authority_id") VALUES ('1', '2B5095FB1ABDCC0BC1C11E76C37F2E85');
INSERT INTO "sys_role_authority" ("role_id", "authority_id") VALUES ('1', '018D6A5042C96C0D0A5CA4D904A7852D');
INSERT INTO "sys_role_authority" ("role_id", "authority_id") VALUES ('1', 'F8707D73263E9B0095814933753BD7C9');
INSERT INTO "sys_role_authority" ("role_id", "authority_id") VALUES ('1', '976EDBCD9CBE08E3F9E725CA1715FD20');
INSERT INTO "sys_role_authority" ("role_id", "authority_id") VALUES ('1', '926A7834B02B4DCA386A92CC2AC8020B');
INSERT INTO "sys_role_authority" ("role_id", "authority_id") VALUES ('1', '0F4E83CC41FDC39BD1296D6F384F93A4');
INSERT INTO "sys_role_authority" ("role_id", "authority_id") VALUES ('1', '1D7CECA02D15F58787D8B8CE7E5D71B2');
INSERT INTO "sys_role_authority" ("role_id", "authority_id") VALUES ('1', '4E4D38B2E00D40D4CEC9B168CEB9873D');
INSERT INTO "sys_role_authority" ("role_id", "authority_id") VALUES ('1', '612CBC6F4744D17E8A826568ED01680B');
INSERT INTO "sys_role_authority" ("role_id", "authority_id") VALUES ('1', '1EB2BB3346FD46C73182CE16ED373757');
INSERT INTO "sys_role_authority" ("role_id", "authority_id") VALUES ('1', '188109A6975AE93843A04CE97559874B');
INSERT INTO "sys_role_authority" ("role_id", "authority_id") VALUES ('1', 'D0414DCC99AB226B1D87003E695756AB');
INSERT INTO "sys_role_authority" ("role_id", "authority_id") VALUES ('1', '4A81249BA2445B447553F604A98101EC');
INSERT INTO "sys_role_authority" ("role_id", "authority_id") VALUES ('1', 'D6E797303F700811E90E493CA07DECED');
INSERT INTO "sys_role_authority" ("role_id", "authority_id") VALUES ('1', '5B824AA435D134B6ED33E0D65A650080');
INSERT INTO "sys_role_authority" ("role_id", "authority_id") VALUES ('1', 'D126F50123AD6CE9F1517F5A7E60E24E');
INSERT INTO "sys_role_authority" ("role_id", "authority_id") VALUES ('1', '4DDEFCDDEEACAD4246756D5D2C54F9D4');
INSERT INTO "sys_role_authority" ("role_id", "authority_id") VALUES ('1', '4ED207AFF78B7F11EC6D36CF4A6C00DD');
INSERT INTO "sys_role_authority" ("role_id", "authority_id") VALUES ('1', 'B777FB4BC243FB9FA836FD67C3CBE35C');
INSERT INTO "sys_role_authority" ("role_id", "authority_id") VALUES ('1', '32B1EFDABBD1B337CFE907E6C1491DC9');
INSERT INTO "sys_role_authority" ("role_id", "authority_id") VALUES ('1', '16B70371ECCA3ECC4391249C40869445');
INSERT INTO "sys_role_authority" ("role_id", "authority_id") VALUES ('1', 'A08E4745161661C8934658CA28D55305');
INSERT INTO "sys_role_authority" ("role_id", "authority_id") VALUES ('1', 'D1E2DD111AE3DB633D3D50E2AEF817A1');
INSERT INTO "sys_role_authority" ("role_id", "authority_id") VALUES ('1', 'E3DFCC61063933E0154AE0ABDE25C92B');
INSERT INTO "sys_role_authority" ("role_id", "authority_id") VALUES ('1', 'BCD05C815D94C20EF66DF63A36C7151D');
INSERT INTO "sys_role_authority" ("role_id", "authority_id") VALUES ('1', '0519F7DE094291E4575F5CC1D06B74BA');
INSERT INTO "sys_role_authority" ("role_id", "authority_id") VALUES ('1', '9E5ACEC7FD5DA9173CA387447FC9E2D1');
INSERT INTO "sys_role_authority" ("role_id", "authority_id") VALUES ('1', '975CA2FB915E871893EB721AD7208CE8');
INSERT INTO "sys_role_authority" ("role_id", "authority_id") VALUES ('1', 'D8B9D338541FC4488ECA720CD4F85A72');
INSERT INTO "sys_role_authority" ("role_id", "authority_id") VALUES ('1', 'C25021A7792091130B35AB771ABE5D1E');
INSERT INTO "sys_role_authority" ("role_id", "authority_id") VALUES ('1', '2D2A86EE1DCB48AEF9CA7916E6128BCF');
INSERT INTO "sys_role_authority" ("role_id", "authority_id") VALUES ('1', '110EF8D7B3360C12E15B2BE83332AD7E');
INSERT INTO "sys_role_authority" ("role_id", "authority_id") VALUES ('1', 'A3F462E2B2334E3A8F30FA5435B506AF');
INSERT INTO "sys_role_authority" ("role_id", "authority_id") VALUES ('1', 'C0A1D4AE9B22D82B438843CE53F503C7');
INSERT INTO "sys_role_authority" ("role_id", "authority_id") VALUES ('1', '63E24C432D5BF40F45268EDA67788405');
INSERT INTO "sys_role_authority" ("role_id", "authority_id") VALUES ('1', '6388310852B64B8FD99940D65627FB1C');
INSERT INTO "sys_role_authority" ("role_id", "authority_id") VALUES ('1', '96DCF808DD1E151A2F08B03CD8072E0C');
INSERT INTO "sys_role_authority" ("role_id", "authority_id") VALUES ('1', '1090BDB85EB15B1F85FA09CB3F043FBF');
INSERT INTO "sys_role_authority" ("role_id", "authority_id") VALUES ('1', 'D4B03797CF2E74AA14A093833AD913B5');
INSERT INTO "sys_role_authority" ("role_id", "authority_id") VALUES ('1', '0A9DB6221DCF50D4C9622B2E1A831576');
INSERT INTO "sys_role_authority" ("role_id", "authority_id") VALUES ('1', '389EBA0D97BF960ED9ABD634CAD3B2B6');
INSERT INTO "sys_role_authority" ("role_id", "authority_id") VALUES ('1', '03992B0C1746B64413748F2F656FEC4B');
INSERT INTO "sys_role_authority" ("role_id", "authority_id") VALUES ('1', 'E639F8973FE07B89BFF4E7777A926CBE');
INSERT INTO "sys_role_authority" ("role_id", "authority_id") VALUES ('1', 'C8EBF08D787BDE50B652826A5C4D4A47');
INSERT INTO "sys_role_authority" ("role_id", "authority_id") VALUES ('1', '7FB8655292006BFD40D9F99E92E9F305');
INSERT INTO "sys_role_authority" ("role_id", "authority_id") VALUES ('1', 'AE8F8686B97F6C2D27E19B936B45F0A5');






